Textbox147,Textbox148,Textbox152,Table5Title_tbx3,Table5Title_tbx4,Textbox154,Textbox146,Textbox159,Table5Title_tbx2,Table5Title_tbx6
"Pumpkin/squash/gourds: U.S. imports by value ($1,000)","Pumpkin/squash/gourds: U.S. imports by volume (1,000 pounds)",Pumpkin/squash/gourds: U.S. imports unit value ($ per pound),Pumpkin/squash/gourds: U.S. import sources by value,Pumpkin/squash/gourds: U.S. import sources by volume,"Pumpkin/squash/gourds: U.S. exports by value ($1,000) ","Pumpkin/squash/gourds: U.S. exports by volume (1,000 pounds)",Pumpkin/squash/gourds: U.S. exports by unit value ($ per pound),Pumpkin/squash/gourds: U.S. export destinations by value,Pumpkin/squash/gourds: U.S. export destinations by volume

Textbox119,Textbox131,Textbox21,qq3,Textbox23,Textbox124,gen val mo_label,gen val mo_Chart4_CategoryGroup_label,gen val mo_Chart4_CategoryGroup_Chart4_CategoryGroup1_label,gen val mo_Chart4_CategoryGroup_Chart4_CategoryGroup1_Value_Y,stat_year3,gen_qty_mo8,gen_qty_mo9,gen_qty_yr3

Textbox120,Textbox132,Textbox97,qq4,Textbox25,Textbox125,gen qty mo_label,gen qty mo_Chart5_CategoryGroup_label,gen qty mo_Chart5_CategoryGroup_Chart5_CategoryGroup1_label,gen qty mo_Chart5_CategoryGroup_Chart5_CategoryGroup1_Value_Y,stat_year4,gen_qty_mo10,gen_qty_mo11,gen_qty_yr4

Textbox122,Textbox134,Textbox31,qq6,Textbox34,Textbox127,gen qty mo_label,gen qty mo_Chart7_CategoryGroup_label,gen qty mo_Chart7_CategoryGroup_Chart7_CategoryGroup1_label,gen qty mo_Chart7_CategoryGroup_Chart7_CategoryGroup1_Value_Y,stat_year6,gen_qty_mo14,gen_qty_mo15,gen_qty_yr6

Textbox75,marketSegment3,Textbox114,stat_year14,stat_month7,CountryName6,Textbox17,Textbox93,all val yr_label,all val yr_ChartGroup10_label,all val yr_ChartGroup10_Value_Y,ExpDestValue_tbx5,all val yr_label,all val yr_ChartGroup16_label,all val yr_ChartGroup16_Value_Y,Textbox44,Textbox11,Textbox12,Textbox26,Textbox29,Textbox189,seg Num_label,seg Num_Sparkline5_CategoryGroup2_label,seg Num_Sparkline5_CategoryGroup2_Value_Y,Textbox105

Textbox82,marketSegment4,Textbox115,stat_year15,stat_month8,CountryName7,Textbox24,Textbox95,all qty yr_label,all qty yr_ChartGroup13_label,all qty yr_ChartGroup13_Value_Y,ExpDestValue_tbx6,all qty yr_label,all qty yr_ChartGroup17_label,all qty yr_ChartGroup17_Value_Y,Textbox88,Textbox66,Textbox30,Textbox98,ExpDestValue_tbx7,Textbox96,Textbox193,seg Num_label,seg Num_ChartGroup14_label,seg Num_ChartGroup14_Value_Y,Textbox106

Textbox129,Textbox141,Textbox35,qq7,Textbox38,Textbox128,all val mo_label,all val mo_Chart8_CategoryGroup_label,all val mo_Chart8_CategoryGroup_Chart8_CategoryGroup1_label,all val mo_Chart8_CategoryGroup_Chart8_CategoryGroup1_Value_Y,stat_year7,gen_qty_mo16,gen_qty_mo17,gen_qty_yr7
,,,,,,all val mo,2019,,1549.963,,,,
,,,,,,all val mo,2019,,1480.613,,,,
,,,,,,all val mo,2019,,1661.142,,,,
,,,,,,all val mo,2019,,1729.115,,,,
,,,,,,all val mo,2019,,2824.434,,,,
,,,,,,all val mo,2019,,2394.054,,,,
,,,,,,all val mo,2019,,2038.188,,,,
,,,,,,all val mo,2019,,1174.376,,,,
,,,,,,all val mo,2019,,2566.585,,,,
,,,,,,all val mo,2019,,2538.412,,,,
,,,,,,all val mo,2019,,2277.965,,,,
,,,,,,all val mo,2019,,2265.049,,,,
,,,,,,all val mo,2020,,1619.228,,,,
,,,,,,all val mo,2020,,1746.616,,,,
,,,,,,all val mo,2020,,1461.93,,,,
,,,,,,all val mo,2020,,1663.906,,,,
,,,,,,all val mo,2020,,1686.515,,,,
,,,,,,all val mo,2020,,2511.68,,,,
,,,,,,all val mo,2020,,1870.37,,,,
,,,,,,all val mo,2020,,1360.21,,,,
,,,,,,all val mo,2020,,2966.051,,,,
,,,,,,all val mo,2020,,3391.043,,,,
,,,,,,all val mo,2020,,1614.91,,,,
,,,,,,all val mo,2020,,1414.758,,,,
,,,,,,all val mo,2021,,1405.367,,,,
,,,,,,all val mo,2021,,1211.785,,,,
,,,,,,all val mo,2021,,1342.316,,,,
,,,,,,all val mo,2021,,1392.649,,,,
,,,,,,all val mo,2021,,1442.694,,,,
,,,,,,all val mo,2021,,1638.165,,,,
,,,,,,all val mo,2021,,1869.829,,,,
,,,,,,all val mo,2021,,1530.429,,,,
,,,,,,all val mo,2021,,2719.006,,,,
,,,,,,all val mo,2021,,2896.141,,,,
,,,,,,all val mo,2021,,1531.455,,,,
,,,,,,all val mo,2021,,1343.668,,,,
,,,,,,all val mo,2022,,1358.245,,,,
,,,,,,all val mo,2022,,1269.524,,,,
,,,,,,all val mo,2022,,1280.508,,,,
,,,,,,all val mo,2022,,1248.611,,,,
,,,,,,all val mo,2022,,1703.076,,,,
,,,,,,all val mo,2022,,2727.978,,,,
,,,,,,all val mo,2022,,2309.998,,,,
,,,,,,all val mo,2022,,1448.942,,,,
,,,,,,all val mo,2022,,2896.688,,,,
,,,,,,all val mo,2022,,2968.52,,,,
,,,,,,all val mo,2022,,1607.177,,,,
,,,,,,all val mo,2022,,1544.748,,,,
,,,,,,all val mo,2023,,1474.155,,,,
,,,,,,all val mo,2023,,1471.763,,,,
,,,,,,all val mo,2023,,1572.06,,,,
,,,,,,all val mo,2023,,1449.192,,,,
,,,,,,all val mo,2023,,1739.758,,,,
,,,,,,all val mo,2023,,2326.733,,,,
,Fresh or chilled ,Market year*,Quarter 1,Jan,Q1,,,,,2023,"1,474","4,518","10,034"
,Fresh or chilled ,Market year*,Quarter 1,Feb,Q1,,,,,2023,"1,472","4,518","10,034"
,Fresh or chilled ,Market year*,Quarter 1,Mar,Q1,,,,,2023,"1,572","4,518","10,034"
,Fresh or chilled ,Market year*,Quarter 2,Apr,Q2,,,,,2023,"1,449","5,516","10,034"
,Fresh or chilled ,Market year*,Quarter 2,May,Q2,,,,,2023,"1,740","5,516","10,034"
,Fresh or chilled ,Market year*,Quarter 2,Jun,Q2,,,,,2023,"2,327","5,516","10,034"
,Fresh or chilled ,Market year*,Quarter 3,Jul,Q3,,,,,2023,NA,,"10,034"
,Fresh or chilled ,Market year*,Quarter 3,Aug,Q3,,,,,2023,NA,,"10,034"
,Fresh or chilled ,Market year*,Quarter 3,Sep,Q3,,,,,2023,NA,,"10,034"
,Fresh or chilled ,Market year*,Quarter 4,Oct,Q4,,,,,2023,NA,,"10,034"
,Fresh or chilled ,Market year*,Quarter 4,Nov,Q4,,,,,2023,NA,,"10,034"
,Fresh or chilled ,Market year*,Quarter 4,Dec,Q4,,,,,2023,NA,,"10,034"
,Fresh or chilled ,Market year*,Quarter 1,Jan,Q1,,,,,2022,"1,358","3,908","22,364"
,Fresh or chilled ,Market year*,Quarter 1,Feb,Q1,,,,,2022,"1,270","3,908","22,364"
,Fresh or chilled ,Market year*,Quarter 1,Mar,Q1,,,,,2022,"1,281","3,908","22,364"
,Fresh or chilled ,Market year*,Quarter 2,Apr,Q2,,,,,2022,"1,249","5,680","22,364"
,Fresh or chilled ,Market year*,Quarter 2,May,Q2,,,,,2022,"1,703","5,680","22,364"
,Fresh or chilled ,Market year*,Quarter 2,Jun,Q2,,,,,2022,"2,728","5,680","22,364"
,Fresh or chilled ,Market year*,Quarter 3,Jul,Q3,,,,,2022,"2,310","6,656","22,364"
,Fresh or chilled ,Market year*,Quarter 3,Aug,Q3,,,,,2022,"1,449","6,656","22,364"
,Fresh or chilled ,Market year*,Quarter 3,Sep,Q3,,,,,2022,"2,897","6,656","22,364"
,Fresh or chilled ,Market year*,Quarter 4,Oct,Q4,,,,,2022,"2,969","6,120","22,364"
,Fresh or chilled ,Market year*,Quarter 4,Nov,Q4,,,,,2022,"1,607","6,120","22,364"
,Fresh or chilled ,Market year*,Quarter 4,Dec,Q4,,,,,2022,"1,545","6,120","22,364"
,Fresh or chilled ,Market year*,Quarter 1,Jan,Q1,,,,,2021,"1,405","3,959","20,324"
,Fresh or chilled ,Market year*,Quarter 1,Feb,Q1,,,,,2021,"1,212","3,959","20,324"
,Fresh or chilled ,Market year*,Quarter 1,Mar,Q1,,,,,2021,"1,342","3,959","20,324"
,Fresh or chilled ,Market year*,Quarter 2,Apr,Q2,,,,,2021,"1,393","4,474","20,324"
,Fresh or chilled ,Market year*,Quarter 2,May,Q2,,,,,2021,"1,443","4,474","20,324"
,Fresh or chilled ,Market year*,Quarter 2,Jun,Q2,,,,,2021,"1,638","4,474","20,324"
,Fresh or chilled ,Market year*,Quarter 3,Jul,Q3,,,,,2021,"1,870","6,119","20,324"
,Fresh or chilled ,Market year*,Quarter 3,Aug,Q3,,,,,2021,"1,530","6,119","20,324"
,Fresh or chilled ,Market year*,Quarter 3,Sep,Q3,,,,,2021,"2,719","6,119","20,324"
,Fresh or chilled ,Market year*,Quarter 4,Oct,Q4,,,,,2021,"2,896","5,771","20,324"
,Fresh or chilled ,Market year*,Quarter 4,Nov,Q4,,,,,2021,"1,531","5,771","20,324"
,Fresh or chilled ,Market year*,Quarter 4,Dec,Q4,,,,,2021,"1,344","5,771","20,324"
,Fresh or chilled ,Market year*,Quarter 1,Jan,Q1,,,,,2020,"1,619","4,828","23,307"
,Fresh or chilled ,Market year*,Quarter 1,Feb,Q1,,,,,2020,"1,747","4,828","23,307"
,Fresh or chilled ,Market year*,Quarter 1,Mar,Q1,,,,,2020,"1,462","4,828","23,307"
,Fresh or chilled ,Market year*,Quarter 2,Apr,Q2,,,,,2020,"1,664","5,862","23,307"
,Fresh or chilled ,Market year*,Quarter 2,May,Q2,,,,,2020,"1,687","5,862","23,307"
,Fresh or chilled ,Market year*,Quarter 2,Jun,Q2,,,,,2020,"2,512","5,862","23,307"
,Fresh or chilled ,Market year*,Quarter 3,Jul,Q3,,,,,2020,"1,870","6,197","23,307"
,Fresh or chilled ,Market year*,Quarter 3,Aug,Q3,,,,,2020,"1,360","6,197","23,307"
,Fresh or chilled ,Market year*,Quarter 3,Sep,Q3,,,,,2020,"2,966","6,197","23,307"
,Fresh or chilled ,Market year*,Quarter 4,Oct,Q4,,,,,2020,"3,391","6,421","23,307"
,Fresh or chilled ,Market year*,Quarter 4,Nov,Q4,,,,,2020,"1,615","6,421","23,307"
,Fresh or chilled ,Market year*,Quarter 4,Dec,Q4,,,,,2020,"1,415","6,421","23,307"
,Fresh or chilled ,Market year*,Quarter 1,Jan,Q1,,,,,2019,"1,550","4,692","24,500"
,Fresh or chilled ,Market year*,Quarter 1,Feb,Q1,,,,,2019,"1,481","4,692","24,500"
,Fresh or chilled ,Market year*,Quarter 1,Mar,Q1,,,,,2019,"1,661","4,692","24,500"
,Fresh or chilled ,Market year*,Quarter 2,Apr,Q2,,,,,2019,"1,729","6,948","24,500"
,Fresh or chilled ,Market year*,Quarter 2,May,Q2,,,,,2019,"2,824","6,948","24,500"
,Fresh or chilled ,Market year*,Quarter 2,Jun,Q2,,,,,2019,"2,394","6,948","24,500"
,Fresh or chilled ,Market year*,Quarter 3,Jul,Q3,,,,,2019,"2,038","5,779","24,500"
,Fresh or chilled ,Market year*,Quarter 3,Aug,Q3,,,,,2019,"1,174","5,779","24,500"
,Fresh or chilled ,Market year*,Quarter 3,Sep,Q3,,,,,2019,"2,567","5,779","24,500"
,Fresh or chilled ,Market year*,Quarter 4,Oct,Q4,,,,,2019,"2,538","7,081","24,500"
,Fresh or chilled ,Market year*,Quarter 4,Nov,Q4,,,,,2019,"2,278","7,081","24,500"
,Fresh or chilled ,Market year*,Quarter 4,Dec,Q4,,,,,2019,"2,265","7,081","24,500"

Textbox118,Textbox130,Textbox20,qq2,Textbox22,Textbox123,all qty mo_label,all qty mo_Chart3_CategoryGroup1_label,all qty mo_Chart3_CategoryGroup1_Chart3_CategoryGroup_label,all qty mo_Chart3_CategoryGroup1_Chart3_CategoryGroup_Value_Y,stat_year2,gen_qty_mo6,gen_qty_mo7,gen_qty_yr2
,,,,,,all qty mo,2019,,3300.37077122792,,,,
,,,,,,all qty mo,2019,,3753.76684576947,,,,
,,,,,,all qty mo,2019,,3895.4182584685,,,,
,,,,,,all qty mo,2019,,3908.34837014564,,,,
,,,,,,all qty mo,2019,,7668.16249576685,,,,
,,,,,,all qty mo,2019,,4795.87652675904,,,,
,,,,,,all qty mo,2019,,4381.84398913059,,,,
,,,,,,all qty mo,2019,,2484.15995180871,,,,
,,,,,,all qty mo,2019,,4895.66215586916,,,,
,,,,,,all qty mo,2019,,4957.74873814566,,,,
,,,,,,all qty mo,2019,,5820.27867884991,,,,
,,,,,,all qty mo,2019,,5352.5084648139,,,,
,,,,,,all qty mo,2020,,2817.30709006415,,,,
,,,,,,all qty mo,2020,,2900.39931668163,,,,
,,,,,,all qty mo,2020,,2308.59482931779,,,,
,,,,,,all qty mo,2020,,3003.6616356664,,,,
,,,,,,all qty mo,2020,,3477.03379578453,,,,
,,,,,,all qty mo,2020,,3878.50218909106,,,,
,,,,,,all qty mo,2020,,2966.53138146923,,,,
,,,,,,all qty mo,2020,,2399.44512294155,,,,
,,,,,,all qty mo,2020,,5184.03561329746,,,,
,,,,,,all qty mo,2020,,6956.96226107154,,,,
,,,,,,all qty mo,2020,,3642.0586175204,,,,
,,,,,,all qty mo,2020,,3483.49113544392,,,,
,,,,,,all qty mo,2021,,3119.26102284304,,,,
,,,,,,all qty mo,2021,,3195.67765216157,,,,
,,,,,,all qty mo,2021,,3150.86428812725,,,,
,,,,,,all qty mo,2021,,3451.09200139323,,,,
,,,,,,all qty mo,2021,,3256.03801492516,,,,
,,,,,,all qty mo,2021,,3267.2926134097,,,,
,,,,,,all qty mo,2021,,3912.91193897287,,,,
,,,,,,all qty mo,2021,,2472.92739955039,,,,
,,,,,,all qty mo,2021,,4971.93548471726,,,,
,,,,,,all qty mo,2021,,5565.26557093542,,,,
,,,,,,all qty mo,2021,,3798.51407112514,,,,
,,,,,,all qty mo,2021,,3665.98979608056,,,,
,,,,,,all qty mo,2022,,2953.45356007642,,,,
,,,,,,all qty mo,2022,,2785.27171874606,,,,
,,,,,,all qty mo,2022,,2624.8281028184,,,,
,,,,,,all qty mo,2022,,2784.93661610754,,,,
,,,,,,all qty mo,2022,,3347.0470413777,,,,
,,,,,,all qty mo,2022,,4926.22483927585,,,,
,,,,,,all qty mo,2022,,3772.85667305206,,,,
,,,,,,all qty mo,2022,,2256.83690402464,,,,
,,,,,,all qty mo,2022,,4664.32889953594,,,,
,,,,,,all qty mo,2022,,6195.89787191526,,,,
,,,,,,all qty mo,2022,,2820.06948220932,,,,
,,,,,,all qty mo,2022,,2977.01656665874,,,,
,,,,,,all qty mo,2023,,2554.56016599221,,,,
,,,,,,all qty mo,2023,,2607.6651157073,,,,
,,,,,,all qty mo,2023,,2907.41883510959,,,,
,,,,,,all qty mo,2023,,2370.68361621691,,,,
,,,,,,all qty mo,2023,,2952.4019550858,,,,
,,,,,,all qty mo,2023,,3646.95949360877,,,,
,Fresh or chilled,Market year*,Quarter 1,Jan,Q1,,,,,2023,"2,555","8,070","17,040"
,Fresh or chilled,Market year*,Quarter 1,Feb,Q1,,,,,2023,"2,608","8,070","17,040"
,Fresh or chilled,Market year*,Quarter 1,Mar,Q1,,,,,2023,"2,907","8,070","17,040"
,Fresh or chilled,Market year*,Quarter 2,Apr,Q2,,,,,2023,"2,371","8,970","17,040"
,Fresh or chilled,Market year*,Quarter 2,May,Q2,,,,,2023,"2,952","8,970","17,040"
,Fresh or chilled,Market year*,Quarter 2,Jun,Q2,,,,,2023,"3,647","8,970","17,040"
,Fresh or chilled,Market year*,Quarter 3,Jul,Q3,,,,,2023,NA,,"17,040"
,Fresh or chilled,Market year*,Quarter 3,Aug,Q3,,,,,2023,NA,,"17,040"
,Fresh or chilled,Market year*,Quarter 3,Sep,Q3,,,,,2023,NA,,"17,040"
,Fresh or chilled,Market year*,Quarter 4,Oct,Q4,,,,,2023,NA,,"17,040"
,Fresh or chilled,Market year*,Quarter 4,Nov,Q4,,,,,2023,NA,,"17,040"
,Fresh or chilled,Market year*,Quarter 4,Dec,Q4,,,,,2023,NA,,"17,040"
,Fresh or chilled,Market year*,Quarter 1,Jan,Q1,,,,,2022,"2,953","8,364","42,109"
,Fresh or chilled,Market year*,Quarter 1,Feb,Q1,,,,,2022,"2,785","8,364","42,109"
,Fresh or chilled,Market year*,Quarter 1,Mar,Q1,,,,,2022,"2,625","8,364","42,109"
,Fresh or chilled,Market year*,Quarter 2,Apr,Q2,,,,,2022,"2,785","11,058","42,109"
,Fresh or chilled,Market year*,Quarter 2,May,Q2,,,,,2022,"3,347","11,058","42,109"
,Fresh or chilled,Market year*,Quarter 2,Jun,Q2,,,,,2022,"4,926","11,058","42,109"
,Fresh or chilled,Market year*,Quarter 3,Jul,Q3,,,,,2022,"3,773","10,694","42,109"
,Fresh or chilled,Market year*,Quarter 3,Aug,Q3,,,,,2022,"2,257","10,694","42,109"
,Fresh or chilled,Market year*,Quarter 3,Sep,Q3,,,,,2022,"4,664","10,694","42,109"
,Fresh or chilled,Market year*,Quarter 4,Oct,Q4,,,,,2022,"6,196","11,993","42,109"
,Fresh or chilled,Market year*,Quarter 4,Nov,Q4,,,,,2022,"2,820","11,993","42,109"
,Fresh or chilled,Market year*,Quarter 4,Dec,Q4,,,,,2022,"2,977","11,993","42,109"
,Fresh or chilled,Market year*,Quarter 1,Jan,Q1,,,,,2021,"3,119","9,466","43,828"
,Fresh or chilled,Market year*,Quarter 1,Feb,Q1,,,,,2021,"3,196","9,466","43,828"
,Fresh or chilled,Market year*,Quarter 1,Mar,Q1,,,,,2021,"3,151","9,466","43,828"
,Fresh or chilled,Market year*,Quarter 2,Apr,Q2,,,,,2021,"3,451","9,974","43,828"
,Fresh or chilled,Market year*,Quarter 2,May,Q2,,,,,2021,"3,256","9,974","43,828"
,Fresh or chilled,Market year*,Quarter 2,Jun,Q2,,,,,2021,"3,267","9,974","43,828"
,Fresh or chilled,Market year*,Quarter 3,Jul,Q3,,,,,2021,"3,913","11,358","43,828"
,Fresh or chilled,Market year*,Quarter 3,Aug,Q3,,,,,2021,"2,473","11,358","43,828"
,Fresh or chilled,Market year*,Quarter 3,Sep,Q3,,,,,2021,"4,972","11,358","43,828"
,Fresh or chilled,Market year*,Quarter 4,Oct,Q4,,,,,2021,"5,565","13,030","43,828"
,Fresh or chilled,Market year*,Quarter 4,Nov,Q4,,,,,2021,"3,799","13,030","43,828"
,Fresh or chilled,Market year*,Quarter 4,Dec,Q4,,,,,2021,"3,666","13,030","43,828"
,Fresh or chilled,Market year*,Quarter 1,Jan,Q1,,,,,2020,"2,817","8,026","43,018"
,Fresh or chilled,Market year*,Quarter 1,Feb,Q1,,,,,2020,"2,900","8,026","43,018"
,Fresh or chilled,Market year*,Quarter 1,Mar,Q1,,,,,2020,"2,309","8,026","43,018"
,Fresh or chilled,Market year*,Quarter 2,Apr,Q2,,,,,2020,"3,004","10,359","43,018"
,Fresh or chilled,Market year*,Quarter 2,May,Q2,,,,,2020,"3,477","10,359","43,018"
,Fresh or chilled,Market year*,Quarter 2,Jun,Q2,,,,,2020,"3,879","10,359","43,018"
,Fresh or chilled,Market year*,Quarter 3,Jul,Q3,,,,,2020,"2,967","10,550","43,018"
,Fresh or chilled,Market year*,Quarter 3,Aug,Q3,,,,,2020,"2,399","10,550","43,018"
,Fresh or chilled,Market year*,Quarter 3,Sep,Q3,,,,,2020,"5,184","10,550","43,018"
,Fresh or chilled,Market year*,Quarter 4,Oct,Q4,,,,,2020,"6,957","14,083","43,018"
,Fresh or chilled,Market year*,Quarter 4,Nov,Q4,,,,,2020,"3,642","14,083","43,018"
,Fresh or chilled,Market year*,Quarter 4,Dec,Q4,,,,,2020,"3,483","14,083","43,018"
,Fresh or chilled,Market year*,Quarter 1,Jan,Q1,,,,,2019,"3,300","10,950","55,214"
,Fresh or chilled,Market year*,Quarter 1,Feb,Q1,,,,,2019,"3,754","10,950","55,214"
,Fresh or chilled,Market year*,Quarter 1,Mar,Q1,,,,,2019,"3,895","10,950","55,214"
,Fresh or chilled,Market year*,Quarter 2,Apr,Q2,,,,,2019,"3,908","16,372","55,214"
,Fresh or chilled,Market year*,Quarter 2,May,Q2,,,,,2019,"7,668","16,372","55,214"
,Fresh or chilled,Market year*,Quarter 2,Jun,Q2,,,,,2019,"4,796","16,372","55,214"
,Fresh or chilled,Market year*,Quarter 3,Jul,Q3,,,,,2019,"4,382","11,762","55,214"
,Fresh or chilled,Market year*,Quarter 3,Aug,Q3,,,,,2019,"2,484","11,762","55,214"
,Fresh or chilled,Market year*,Quarter 3,Sep,Q3,,,,,2019,"4,896","11,762","55,214"
,Fresh or chilled,Market year*,Quarter 4,Oct,Q4,,,,,2019,"4,958","16,131","55,214"
,Fresh or chilled,Market year*,Quarter 4,Nov,Q4,,,,,2019,"5,820","16,131","55,214"
,Fresh or chilled,Market year*,Quarter 4,Dec,Q4,,,,,2019,"5,353","16,131","55,214"

Textbox158,Textbox155,Textbox60,qq8,Textbox64,Textbox156,all qty mo_label,all qty mo_Chart9_CategoryGroup_label,all qty mo_Chart9_CategoryGroup_Chart9_CategoryGroup1_label,all qty mo_Chart9_CategoryGroup_Chart9_CategoryGroup1_Value_Y,stat_year8,gen_qty_mo18,gen_qty_mo19,gen_qty_yr8
Show/hide quarterly totals,,,,,,all qty mo,2019,,0.469632991999662,,,,
Show/hide quarterly totals,,,,,,all qty mo,2019,,0.394433927527668,,,,
Show/hide quarterly totals,,,,,,all qty mo,2019,,0.426434824139548,,,,
Show/hide quarterly totals,,,,,,all qty mo,2019,,0.442415781870428,,,,
Show/hide quarterly totals,,,,,,all qty mo,2019,,0.368332570098665,,,,
Show/hide quarterly totals,,,,,,all qty mo,2019,,0.499190082697533,,,,
Show/hide quarterly totals,,,,,,all qty mo,2019,,0.465143899476074,,,,
Show/hide quarterly totals,,,,,,all qty mo,2019,,0.472745726033035,,,,
Show/hide quarterly totals,,,,,,all qty mo,2019,,0.524256968370061,,,,
Show/hide quarterly totals,,,,,,all qty mo,2019,,0.512009005311035,,,,
Show/hide quarterly totals,,,,,,all qty mo,2019,,0.391384180327621,,,,
Show/hide quarterly totals,,,,,,all qty mo,2019,,0.423175229873971,,,,
Show/hide quarterly totals,,,,,,all qty mo,2020,,0.574743167228934,,,,
Show/hide quarterly totals,,,,,,all qty mo,2020,,0.602198459348114,,,,
Show/hide quarterly totals,,,,,,all qty mo,2020,,0.633255338457124,,,,
Show/hide quarterly totals,,,,,,all qty mo,2020,,0.553959201077201,,,,
Show/hide quarterly totals,,,,,,all qty mo,2020,,0.485044178185639,,,,
Show/hide quarterly totals,,,,,,all qty mo,2020,,0.647590197851254,,,,
Show/hide quarterly totals,,,,,,all qty mo,2020,,0.630490549226439,,,,
Show/hide quarterly totals,,,,,,all qty mo,2020,,0.566885229837004,,,,
Show/hide quarterly totals,,,,,,all qty mo,2020,,0.572150969100568,,,,
Show/hide quarterly totals,,,,,,all qty mo,2020,,0.487431564632017,,,,
Show/hide quarterly totals,,,,,,all qty mo,2020,,0.443405823352583,,,,
Show/hide quarterly totals,,,,,,all qty mo,2020,,0.406132223390805,,,,
Show/hide quarterly totals,,,,,,all qty mo,2021,,0.450544853318842,,,,
Show/hide quarterly totals,,,,,,all qty mo,2021,,0.379195003970549,,,,
Show/hide quarterly totals,,,,,,all qty mo,2021,,0.426015174648421,,,,
Show/hide quarterly totals,,,,,,all qty mo,2021,,0.403538647893993,,,,
Show/hide quarterly totals,,,,,,all qty mo,2021,,0.443082664694613,,,,
Show/hide quarterly totals,,,,,,all qty mo,2021,,0.501383008450668,,,,
Show/hide quarterly totals,,,,,,all qty mo,2021,,0.477861252479611,,,,
Show/hide quarterly totals,,,,,,all qty mo,2021,,0.618873404968641,,,,
Show/hide quarterly totals,,,,,,all qty mo,2021,,0.546870732405455,,,,
Show/hide quarterly totals,,,,,,all qty mo,2021,,0.520395830726405,,,,
Show/hide quarterly totals,,,,,,all qty mo,2021,,0.403172127659481,,,,
Show/hide quarterly totals,,,,,,all qty mo,2021,,0.366522569549037,,,,
Show/hide quarterly totals,,,,,,all qty mo,2022,,0.459883648878114,,,,
Show/hide quarterly totals,,,,,,all qty mo,2022,,0.455798976974334,,,,
Show/hide quarterly totals,,,,,,all qty mo,2022,,0.48784451775149,,,,
Show/hide quarterly totals,,,,,,all qty mo,2022,,0.448344494728631,,,,
Show/hide quarterly totals,,,,,,all qty mo,2022,,0.508829418572792,,,,
Show/hide quarterly totals,,,,,,all qty mo,2022,,0.553766441647234,,,,
Show/hide quarterly totals,,,,,,all qty mo,2022,,0.612267626411401,,,,
Show/hide quarterly totals,,,,,,all qty mo,2022,,0.642023354641217,,,,
Show/hide quarterly totals,,,,,,all qty mo,2022,,0.621029962164159,,,,
Show/hide quarterly totals,,,,,,all qty mo,2022,,0.479110544002943,,,,
Show/hide quarterly totals,,,,,,all qty mo,2022,,0.569906880003854,,,,
Show/hide quarterly totals,,,,,,all qty mo,2022,,0.518891301210914,,,,
Show/hide quarterly totals,,,,,,all qty mo,2023,,0.577068029019167,,,,
Show/hide quarterly totals,,,,,,all qty mo,2023,,0.564398776182884,,,,
Show/hide quarterly totals,,,,,,all qty mo,2023,,0.540706409759756,,,,
Show/hide quarterly totals,,,,,,all qty mo,2023,,0.61129709172774,,,,
Show/hide quarterly totals,,,,,,all qty mo,2023,,0.589268679016792,,,,
Show/hide quarterly totals,,,,,,all qty mo,2023,,0.637992553544277,,,,
Show/hide quarterly totals,Fresh or chilled,Market year*,Quarter 1,Jan,Q1,,,,,2023,0.58,0.56,0.59
Show/hide quarterly totals,Fresh or chilled,Market year*,Quarter 1,Feb,Q1,,,,,2023,0.56,0.56,0.59
Show/hide quarterly totals,Fresh or chilled,Market year*,Quarter 1,Mar,Q1,,,,,2023,0.54,0.56,0.59
Show/hide quarterly totals,Fresh or chilled,Market year*,Quarter 2,Apr,Q2,,,,,2023,0.61,0.61,0.59
Show/hide quarterly totals,Fresh or chilled,Market year*,Quarter 2,May,Q2,,,,,2023,0.59,0.61,0.59
Show/hide quarterly totals,Fresh or chilled,Market year*,Quarter 2,Jun,Q2,,,,,2023,0.64,0.61,0.59
Show/hide quarterly totals,Fresh or chilled,Market year*,Quarter 3,Jul,Q3,,,,,2023,NA,NaN,0.59
Show/hide quarterly totals,Fresh or chilled,Market year*,Quarter 3,Aug,Q3,,,,,2023,NA,NaN,0.59
Show/hide quarterly totals,Fresh or chilled,Market year*,Quarter 3,Sep,Q3,,,,,2023,NA,NaN,0.59
Show/hide quarterly totals,Fresh or chilled,Market year*,Quarter 4,Oct,Q4,,,,,2023,NA,NaN,0.59
Show/hide quarterly totals,Fresh or chilled,Market year*,Quarter 4,Nov,Q4,,,,,2023,NA,NaN,0.59
Show/hide quarterly totals,Fresh or chilled,Market year*,Quarter 4,Dec,Q4,,,,,2023,NA,NaN,0.59
Show/hide quarterly totals,Fresh or chilled,Market year*,Quarter 1,Jan,Q1,,,,,2022,0.46,0.47,0.53
Show/hide quarterly totals,Fresh or chilled,Market year*,Quarter 1,Feb,Q1,,,,,2022,0.46,0.47,0.53
Show/hide quarterly totals,Fresh or chilled,Market year*,Quarter 1,Mar,Q1,,,,,2022,0.49,0.47,0.53
Show/hide quarterly totals,Fresh or chilled,Market year*,Quarter 2,Apr,Q2,,,,,2022,0.45,0.51,0.53
Show/hide quarterly totals,Fresh or chilled,Market year*,Quarter 2,May,Q2,,,,,2022,0.51,0.51,0.53
Show/hide quarterly totals,Fresh or chilled,Market year*,Quarter 2,Jun,Q2,,,,,2022,0.55,0.51,0.53
Show/hide quarterly totals,Fresh or chilled,Market year*,Quarter 3,Jul,Q3,,,,,2022,0.61,0.62,0.53
Show/hide quarterly totals,Fresh or chilled,Market year*,Quarter 3,Aug,Q3,,,,,2022,0.64,0.62,0.53
Show/hide quarterly totals,Fresh or chilled,Market year*,Quarter 3,Sep,Q3,,,,,2022,0.62,0.62,0.53
Show/hide quarterly totals,Fresh or chilled,Market year*,Quarter 4,Oct,Q4,,,,,2022,0.48,0.51,0.53
Show/hide quarterly totals,Fresh or chilled,Market year*,Quarter 4,Nov,Q4,,,,,2022,0.57,0.51,0.53
Show/hide quarterly totals,Fresh or chilled,Market year*,Quarter 4,Dec,Q4,,,,,2022,0.52,0.51,0.53
Show/hide quarterly totals,Fresh or chilled,Market year*,Quarter 1,Jan,Q1,,,,,2021,0.45,0.42,0.46
Show/hide quarterly totals,Fresh or chilled,Market year*,Quarter 1,Feb,Q1,,,,,2021,0.38,0.42,0.46
Show/hide quarterly totals,Fresh or chilled,Market year*,Quarter 1,Mar,Q1,,,,,2021,0.43,0.42,0.46
Show/hide quarterly totals,Fresh or chilled,Market year*,Quarter 2,Apr,Q2,,,,,2021,0.40,0.45,0.46
Show/hide quarterly totals,Fresh or chilled,Market year*,Quarter 2,May,Q2,,,,,2021,0.44,0.45,0.46
Show/hide quarterly totals,Fresh or chilled,Market year*,Quarter 2,Jun,Q2,,,,,2021,0.50,0.45,0.46
Show/hide quarterly totals,Fresh or chilled,Market year*,Quarter 3,Jul,Q3,,,,,2021,0.48,0.54,0.46
Show/hide quarterly totals,Fresh or chilled,Market year*,Quarter 3,Aug,Q3,,,,,2021,0.62,0.54,0.46
Show/hide quarterly totals,Fresh or chilled,Market year*,Quarter 3,Sep,Q3,,,,,2021,0.55,0.54,0.46
Show/hide quarterly totals,Fresh or chilled,Market year*,Quarter 4,Oct,Q4,,,,,2021,0.52,0.44,0.46
Show/hide quarterly totals,Fresh or chilled,Market year*,Quarter 4,Nov,Q4,,,,,2021,0.40,0.44,0.46
Show/hide quarterly totals,Fresh or chilled,Market year*,Quarter 4,Dec,Q4,,,,,2021,0.37,0.44,0.46
Show/hide quarterly totals,Fresh or chilled,Market year*,Quarter 1,Jan,Q1,,,,,2020,0.57,0.60,0.54
Show/hide quarterly totals,Fresh or chilled,Market year*,Quarter 1,Feb,Q1,,,,,2020,0.60,0.60,0.54
Show/hide quarterly totals,Fresh or chilled,Market year*,Quarter 1,Mar,Q1,,,,,2020,0.63,0.60,0.54
Show/hide quarterly totals,Fresh or chilled,Market year*,Quarter 2,Apr,Q2,,,,,2020,0.55,0.57,0.54
Show/hide quarterly totals,Fresh or chilled,Market year*,Quarter 2,May,Q2,,,,,2020,0.49,0.57,0.54
Show/hide quarterly totals,Fresh or chilled,Market year*,Quarter 2,Jun,Q2,,,,,2020,0.65,0.57,0.54
Show/hide quarterly totals,Fresh or chilled,Market year*,Quarter 3,Jul,Q3,,,,,2020,0.63,0.59,0.54
Show/hide quarterly totals,Fresh or chilled,Market year*,Quarter 3,Aug,Q3,,,,,2020,0.57,0.59,0.54
Show/hide quarterly totals,Fresh or chilled,Market year*,Quarter 3,Sep,Q3,,,,,2020,0.57,0.59,0.54
Show/hide quarterly totals,Fresh or chilled,Market year*,Quarter 4,Oct,Q4,,,,,2020,0.49,0.46,0.54
Show/hide quarterly totals,Fresh or chilled,Market year*,Quarter 4,Nov,Q4,,,,,2020,0.44,0.46,0.54
Show/hide quarterly totals,Fresh or chilled,Market year*,Quarter 4,Dec,Q4,,,,,2020,0.41,0.46,0.54
Show/hide quarterly totals,Fresh or chilled,Market year*,Quarter 1,Jan,Q1,,,,,2019,0.47,0.43,0.44
Show/hide quarterly totals,Fresh or chilled,Market year*,Quarter 1,Feb,Q1,,,,,2019,0.39,0.43,0.44
Show/hide quarterly totals,Fresh or chilled,Market year*,Quarter 1,Mar,Q1,,,,,2019,0.43,0.43,0.44
Show/hide quarterly totals,Fresh or chilled,Market year*,Quarter 2,Apr,Q2,,,,,2019,0.44,0.42,0.44
Show/hide quarterly totals,Fresh or chilled,Market year*,Quarter 2,May,Q2,,,,,2019,0.37,0.42,0.44
Show/hide quarterly totals,Fresh or chilled,Market year*,Quarter 2,Jun,Q2,,,,,2019,0.50,0.42,0.44
Show/hide quarterly totals,Fresh or chilled,Market year*,Quarter 3,Jul,Q3,,,,,2019,0.47,0.49,0.44
Show/hide quarterly totals,Fresh or chilled,Market year*,Quarter 3,Aug,Q3,,,,,2019,0.47,0.49,0.44
Show/hide quarterly totals,Fresh or chilled,Market year*,Quarter 3,Sep,Q3,,,,,2019,0.52,0.49,0.44
Show/hide quarterly totals,Fresh or chilled,Market year*,Quarter 4,Oct,Q4,,,,,2019,0.51,0.44,0.44
Show/hide quarterly totals,Fresh or chilled,Market year*,Quarter 4,Nov,Q4,,,,,2019,0.39,0.44,0.44
Show/hide quarterly totals,Fresh or chilled,Market year*,Quarter 4,Dec,Q4,,,,,2019,0.42,0.44,0.44

Textbox76,stat_year16,marketSegment2,Textbox113,stat_month6,CountryName5,Textbox14,Textbox89,all val yr_label,all val yr_ChartGroup9_label,all val yr_ChartGroup9_Value_Y,ExpDestValue_tbx4,all val yr_label,all val yr_ChartGroup15_label,all val yr_ChartGroup15_Value_Y,all_val_yr,Textbox52,Textbox54,Textbox55,Textbox57,Textbox90,Textbox188,seg Num_label,seg Num_Sparkline5_CategoryGroup_label,seg Num_Sparkline5_CategoryGroup_Value_Y,Textbox103
,,,,,Canada,86.1%,"19,214",all val yr,2019,19503651,,,,,,,,,,,,,,,
,,,,,Canada,86.1%,"19,214",all val yr,2020,20532288,,,,,,,,,,,,,,,
,,,,,Canada,86.1%,"19,214",all val yr,2021,18036364,,,,,,,,,,,,,,,
,,,,,Canada,86.1%,"19,214",all val yr,2022,18784660,,,,,,,,,,,,,,,
Ranking based on prior 4 annual market year* totals ,2019,Fresh or chilled ,ANN: Jan-Dec,ANN,Canada,86.1%,"19,214",,,,"19,504",,,,,,,,,,,,,,
Ranking based on prior 4 annual market year* totals ,2020,Fresh or chilled ,ANN: Jan-Dec,ANN,Canada,86.1%,"19,214",,,,"20,532",,,,,,,,,,,,,,
Ranking based on prior 4 annual market year* totals ,2021,Fresh or chilled ,ANN: Jan-Dec,ANN,Canada,86.1%,"19,214",,,,"18,036",,,,,,,,,,,,,,
Ranking based on prior 4 annual market year* totals ,2022,Fresh or chilled ,ANN: Jan-Dec,ANN,Canada,86.1%,"19,214",,,,"18,785",,,,,,,,,,,,,,
Ranking based on prior 4 annual market year* totals ,2022,Fresh or chilled ,ANN: Jan-Dec,Jun YTD,Canada,86.1%,"19,214",,,,"9,085",,,,,,,,,,,,,,
Ranking based on prior 4 annual market year* totals ,2023,Fresh or chilled ,ANN: Jan-Dec,Jun YTD,Canada,86.1%,"19,214",,,,"9,699",,,,,,,,,,,,,,
,,,,,Mexico,8.3%,"2,034",all val yr,2019,1663820,,,,,,,,,,,,,,,
,,,,,Mexico,8.3%,"2,034",all val yr,2020,1470710,,,,,,,,,,,,,,,
,,,,,Mexico,8.3%,"2,034",all val yr,2021,1831758,,,,,,,,,,,,,,,
,,,,,Mexico,8.3%,"2,034",all val yr,2022,3169502,,,,,,,,,,,,,,,
Ranking based on prior 4 annual market year* totals ,2019,Fresh or chilled ,ANN: Jan-Dec,ANN,Mexico,8.3%,"2,034",,,,"1,664",,,,,,,,,,,,,,
Ranking based on prior 4 annual market year* totals ,2020,Fresh or chilled ,ANN: Jan-Dec,ANN,Mexico,8.3%,"2,034",,,,"1,471",,,,,,,,,,,,,,
Ranking based on prior 4 annual market year* totals ,2021,Fresh or chilled ,ANN: Jan-Dec,ANN,Mexico,8.3%,"2,034",,,,"1,832",,,,,,,,,,,,,,
Ranking based on prior 4 annual market year* totals ,2022,Fresh or chilled ,ANN: Jan-Dec,ANN,Mexico,8.3%,"2,034",,,,"3,170",,,,,,,,,,,,,,
Ranking based on prior 4 annual market year* totals ,2022,Fresh or chilled ,ANN: Jan-Dec,Jun YTD,Mexico,8.3%,"2,034",,,,468,,,,,,,,,,,,,,
Ranking based on prior 4 annual market year* totals ,2023,Fresh or chilled ,ANN: Jan-Dec,Jun YTD,Mexico,8.3%,"2,034",,,,203,,,,,,,,,,,,,,
,,,,,Japan,3.2%,650,all val yr,2019,2761731,,,,,,,,,,,,,,,
,,,,,Japan,3.2%,650,all val yr,2020,377353,,,,,,,,,,,,,,,
,,,,,Japan,3.2%,650,all val yr,2021,106549,,,,,,,,,,,,,,,
,,,,,Japan,3.2%,650,all val yr,2022,6400,,,,,,,,,,,,,,,
Ranking based on prior 4 annual market year* totals ,2019,Fresh or chilled ,ANN: Jan-Dec,ANN,Japan,3.2%,650,,,,"2,762",,,,,,,,,,,,,,
Ranking based on prior 4 annual market year* totals ,2020,Fresh or chilled ,ANN: Jan-Dec,ANN,Japan,3.2%,650,,,,377,,,,,,,,,,,,,,
Ranking based on prior 4 annual market year* totals ,2021,Fresh or chilled ,ANN: Jan-Dec,ANN,Japan,3.2%,650,,,,107,,,,,,,,,,,,,,
Ranking based on prior 4 annual market year* totals ,2022,Fresh or chilled ,ANN: Jan-Dec,ANN,Japan,3.2%,650,,,,6,,,,,,,,,,,,,,
Ranking based on prior 4 annual market year* totals ,2022,Fresh or chilled ,ANN: Jan-Dec,Jun YTD,Japan,3.2%,650,,,,,,,,,,,,,,,,,,
Ranking based on prior 4 annual market year* totals ,2023,Fresh or chilled ,ANN: Jan-Dec,Jun YTD,Japan,3.2%,650,,,,,,,,,,,,,,,,,,
,,,,,United Kingdom,0.4%,78,all val yr,2019,11515,,,,,,,,,,,,,,,
,,,,,United Kingdom,0.4%,78,all val yr,2020,357877,,,,,,,,,,,,,,,
,,,,,United Kingdom,0.4%,78,all val yr,2021,18922,,,,,,,,,,,,,,,
Ranking based on prior 4 annual market year* totals ,2019,Fresh or chilled ,ANN: Jan-Dec,ANN,United Kingdom,0.4%,78,,,,12,,,,,,,,,,,,,,
Ranking based on prior 4 annual market year* totals ,2020,Fresh or chilled ,ANN: Jan-Dec,ANN,United Kingdom,0.4%,78,,,,358,,,,,,,,,,,,,,
Ranking based on prior 4 annual market year* totals ,2021,Fresh or chilled ,ANN: Jan-Dec,ANN,United Kingdom,0.4%,78,,,,19,,,,,,,,,,,,,,
Ranking based on prior 4 annual market year* totals ,2022,Fresh or chilled ,ANN: Jan-Dec,ANN,United Kingdom,0.4%,78,,,,,,,,,,,,,,,,,,
Ranking based on prior 4 annual market year* totals ,2022,Fresh or chilled ,ANN: Jan-Dec,Jun YTD,United Kingdom,0.4%,78,,,,,,,,,,,,,,,,,,
Ranking based on prior 4 annual market year* totals ,2023,Fresh or chilled ,ANN: Jan-Dec,Jun YTD,United Kingdom,0.4%,78,,,,,,,,,,,,,,,,,,
,,,,,Honduras,0.3%,55,all val yr,2019,216736,,,,,,,,,,,,,,,
,,,,,Honduras,0.3%,55,all val yr,2021,60696,,,,,,,,,,,,,,,
Ranking based on prior 4 annual market year* totals ,2019,Fresh or chilled ,ANN: Jan-Dec,ANN,Honduras,0.3%,55,,,,217,,,,,,,,,,,,,,
Ranking based on prior 4 annual market year* totals ,2020,Fresh or chilled ,ANN: Jan-Dec,ANN,Honduras,0.3%,55,,,,,,,,,,,,,,,,,,
Ranking based on prior 4 annual market year* totals ,2021,Fresh or chilled ,ANN: Jan-Dec,ANN,Honduras,0.3%,55,,,,61,,,,,,,,,,,,,,
Ranking based on prior 4 annual market year* totals ,2022,Fresh or chilled ,ANN: Jan-Dec,ANN,Honduras,0.3%,55,,,,,,,,,,,,,,,,,,
Ranking based on prior 4 annual market year* totals ,2022,Fresh or chilled ,ANN: Jan-Dec,Jun YTD,Honduras,0.3%,55,,,,,,,,,,,,,,,,,,
Ranking based on prior 4 annual market year* totals ,2023,Fresh or chilled ,ANN: Jan-Dec,Jun YTD,Honduras,0.3%,55,,,,,,,,,,,,,,,,,,
,,,,,,,,,,,,all val yr,2019,342443,,,,,,,,,,,
,,,,,,,,,,,,all val yr,2020,568989,,,,,,,,,,,
,,,,,,,,,,,,all val yr,2021,269215,,,,,,,,,,,
,,,,,,,,,,,,all val yr,2022,403453,,,,,,,,,,,
Ranking based on prior 4 annual market year* totals ,2019,Fresh or chilled ,ANN: Jan-Dec,ANN,,,,,,,,,,,342,"Korea, South",0.2%,36,30,,,,,,
Ranking based on prior 4 annual market year* totals ,2020,Fresh or chilled ,ANN: Jan-Dec,ANN,,,,,,,,,,,569,"Korea, South",0.2%,36,90,,,,,,
Ranking based on prior 4 annual market year* totals ,2021,Fresh or chilled ,ANN: Jan-Dec,ANN,,,,,,,,,,,269,"Korea, South",0.2%,36,60,,,,,,
Ranking based on prior 4 annual market year* totals ,2022,Fresh or chilled ,ANN: Jan-Dec,ANN,,,,,,,,,,,403,"Korea, South",0.2%,36,,,,,,,
Ranking based on prior 4 annual market year* totals ,2022,Fresh or chilled ,ANN: Jan-Dec,Jun YTD,,,,,,,,,,,36,"Korea, South",0.2%,36,,,,,,,
Ranking based on prior 4 annual market year* totals ,2023,Fresh or chilled ,ANN: Jan-Dec,Jun YTD,,,,,,,,,,,132,"Korea, South",0.2%,36,,,,,,,
Ranking based on prior 4 annual market year* totals ,2019,Fresh or chilled ,ANN: Jan-Dec,ANN,,,,,,,,,,,342,Taiwan,0.2%,32,24,,,,,,
Ranking based on prior 4 annual market year* totals ,2020,Fresh or chilled ,ANN: Jan-Dec,ANN,,,,,,,,,,,569,Taiwan,0.2%,32,57,,,,,,
Ranking based on prior 4 annual market year* totals ,2021,Fresh or chilled ,ANN: Jan-Dec,ANN,,,,,,,,,,,269,Taiwan,0.2%,32,19,,,,,,
Ranking based on prior 4 annual market year* totals ,2022,Fresh or chilled ,ANN: Jan-Dec,ANN,,,,,,,,,,,403,Taiwan,0.2%,32,60,,,,,,
Ranking based on prior 4 annual market year* totals ,2022,Fresh or chilled ,ANN: Jan-Dec,Jun YTD,,,,,,,,,,,36,Taiwan,0.2%,32,,,,,,,
Ranking based on prior 4 annual market year* totals ,2023,Fresh or chilled ,ANN: Jan-Dec,Jun YTD,,,,,,,,,,,132,Taiwan,0.2%,32,,,,,,,
Ranking based on prior 4 annual market year* totals ,2019,Fresh or chilled ,ANN: Jan-Dec,ANN,,,,,,,,,,,342,Hong Kong,0.1%,27,72,,,,,,
Ranking based on prior 4 annual market year* totals ,2020,Fresh or chilled ,ANN: Jan-Dec,ANN,,,,,,,,,,,569,Hong Kong,0.1%,27,18,,,,,,
Ranking based on prior 4 annual market year* totals ,2021,Fresh or chilled ,ANN: Jan-Dec,ANN,,,,,,,,,,,269,Hong Kong,0.1%,27,18,,,,,,
Ranking based on prior 4 annual market year* totals ,2022,Fresh or chilled ,ANN: Jan-Dec,ANN,,,,,,,,,,,403,Hong Kong,0.1%,27,,,,,,,
Ranking based on prior 4 annual market year* totals ,2022,Fresh or chilled ,ANN: Jan-Dec,Jun YTD,,,,,,,,,,,36,Hong Kong,0.1%,27,,,,,,,
Ranking based on prior 4 annual market year* totals ,2023,Fresh or chilled ,ANN: Jan-Dec,Jun YTD,,,,,,,,,,,132,Hong Kong,0.1%,27,40,,,,,,
Ranking based on prior 4 annual market year* totals ,2019,Fresh or chilled ,ANN: Jan-Dec,ANN,,,,,,,,,,,342,Italy,0.1%,29,,,,,,,
Ranking based on prior 4 annual market year* totals ,2020,Fresh or chilled ,ANN: Jan-Dec,ANN,,,,,,,,,,,569,Italy,0.1%,29,143,,,,,,
Ranking based on prior 4 annual market year* totals ,2021,Fresh or chilled ,ANN: Jan-Dec,ANN,,,,,,,,,,,269,Italy,0.1%,29,,,,,,,
Ranking based on prior 4 annual market year* totals ,2022,Fresh or chilled ,ANN: Jan-Dec,ANN,,,,,,,,,,,403,Italy,0.1%,29,,,,,,,
Ranking based on prior 4 annual market year* totals ,2022,Fresh or chilled ,ANN: Jan-Dec,Jun YTD,,,,,,,,,,,36,Italy,0.1%,29,,,,,,,
Ranking based on prior 4 annual market year* totals ,2023,Fresh or chilled ,ANN: Jan-Dec,Jun YTD,,,,,,,,,,,132,Italy,0.1%,29,,,,,,,
Ranking based on prior 4 annual market year* totals ,2019,Fresh or chilled ,ANN: Jan-Dec,ANN,,,,,,,,,,,342,Panama,0.1%,15,3,,,,,,
Ranking based on prior 4 annual market year* totals ,2020,Fresh or chilled ,ANN: Jan-Dec,ANN,,,,,,,,,,,569,Panama,0.1%,15,3,,,,,,
Ranking based on prior 4 annual market year* totals ,2021,Fresh or chilled ,ANN: Jan-Dec,ANN,,,,,,,,,,,269,Panama,0.1%,15,20,,,,,,
Ranking based on prior 4 annual market year* totals ,2022,Fresh or chilled ,ANN: Jan-Dec,ANN,,,,,,,,,,,403,Panama,0.1%,15,34,,,,,,
Ranking based on prior 4 annual market year* totals ,2022,Fresh or chilled ,ANN: Jan-Dec,Jun YTD,,,,,,,,,,,36,Panama,0.1%,15,,,,,,,
Ranking based on prior 4 annual market year* totals ,2023,Fresh or chilled ,ANN: Jan-Dec,Jun YTD,,,,,,,,,,,132,Panama,0.1%,15,72,,,,,,
Ranking based on prior 4 annual market year* totals ,2019,Fresh or chilled ,ANN: Jan-Dec,ANN,,,,,,,,,,,342,Guatemala,0.1%,23,42,,,,,,
Ranking based on prior 4 annual market year* totals ,2020,Fresh or chilled ,ANN: Jan-Dec,ANN,,,,,,,,,,,569,Guatemala,0.1%,23,11,,,,,,
Ranking based on prior 4 annual market year* totals ,2021,Fresh or chilled ,ANN: Jan-Dec,ANN,,,,,,,,,,,269,Guatemala,0.1%,23,17,,,,,,
Ranking based on prior 4 annual market year* totals ,2022,Fresh or chilled ,ANN: Jan-Dec,ANN,,,,,,,,,,,403,Guatemala,0.1%,23,44,,,,,,
Ranking based on prior 4 annual market year* totals ,2022,Fresh or chilled ,ANN: Jan-Dec,Jun YTD,,,,,,,,,,,36,Guatemala,0.1%,23,,,,,,,
Ranking based on prior 4 annual market year* totals ,2023,Fresh or chilled ,ANN: Jan-Dec,Jun YTD,,,,,,,,,,,132,Guatemala,0.1%,23,,,,,,,
Ranking based on prior 4 annual market year* totals ,2019,Fresh or chilled ,ANN: Jan-Dec,ANN,,,,,,,,,,,342,Singapore,0.1%,21,36,,,,,,
Ranking based on prior 4 annual market year* totals ,2020,Fresh or chilled ,ANN: Jan-Dec,ANN,,,,,,,,,,,569,Singapore,0.1%,21,37,,,,,,
Ranking based on prior 4 annual market year* totals ,2021,Fresh or chilled ,ANN: Jan-Dec,ANN,,,,,,,,,,,269,Singapore,0.1%,21,16,,,,,,
Ranking based on prior 4 annual market year* totals ,2022,Fresh or chilled ,ANN: Jan-Dec,ANN,,,,,,,,,,,403,Singapore,0.1%,21,16,,,,,,
Ranking based on prior 4 annual market year* totals ,2022,Fresh or chilled ,ANN: Jan-Dec,Jun YTD,,,,,,,,,,,36,Singapore,0.1%,21,,,,,,,
Ranking based on prior 4 annual market year* totals ,2023,Fresh or chilled ,ANN: Jan-Dec,Jun YTD,,,,,,,,,,,132,Singapore,0.1%,21,,,,,,,
Ranking based on prior 4 annual market year* totals ,2019,Fresh or chilled ,ANN: Jan-Dec,ANN,,,,,,,,,,,342,Federal Republic of Germany,0.1%,17,6,,,,,,
Ranking based on prior 4 annual market year* totals ,2020,Fresh or chilled ,ANN: Jan-Dec,ANN,,,,,,,,,,,569,Federal Republic of Germany,0.1%,17,79,,,,,,
Ranking based on prior 4 annual market year* totals ,2021,Fresh or chilled ,ANN: Jan-Dec,ANN,,,,,,,,,,,269,Federal Republic of Germany,0.1%,17,,,,,,,
Ranking based on prior 4 annual market year* totals ,2022,Fresh or chilled ,ANN: Jan-Dec,ANN,,,,,,,,,,,403,Federal Republic of Germany,0.1%,17,,,,,,,
Ranking based on prior 4 annual market year* totals ,2022,Fresh or chilled ,ANN: Jan-Dec,Jun YTD,,,,,,,,,,,36,Federal Republic of Germany,0.1%,17,,,,,,,
Ranking based on prior 4 annual market year* totals ,2023,Fresh or chilled ,ANN: Jan-Dec,Jun YTD,,,,,,,,,,,132,Federal Republic of Germany,0.1%,17,,,,,,,
Ranking based on prior 4 annual market year* totals ,2019,Fresh or chilled ,ANN: Jan-Dec,ANN,,,,,,,,,,,342,Turks and Caicos Islands,0.1%,19,,,,,,,
Ranking based on prior 4 annual market year* totals ,2020,Fresh or chilled ,ANN: Jan-Dec,ANN,,,,,,,,,,,569,Turks and Caicos Islands,0.1%,19,,,,,,,
Ranking based on prior 4 annual market year* totals ,2021,Fresh or chilled ,ANN: Jan-Dec,ANN,,,,,,,,,,,269,Turks and Caicos Islands,0.1%,19,8,,,,,,
Ranking based on prior 4 annual market year* totals ,2022,Fresh or chilled ,ANN: Jan-Dec,ANN,,,,,,,,,,,403,Turks and Caicos Islands,0.1%,19,67,,,,,,
Ranking based on prior 4 annual market year* totals ,2022,Fresh or chilled ,ANN: Jan-Dec,Jun YTD,,,,,,,,,,,36,Turks and Caicos Islands,0.1%,19,14,,,,,,
Ranking based on prior 4 annual market year* totals ,2023,Fresh or chilled ,ANN: Jan-Dec,Jun YTD,,,,,,,,,,,132,Turks and Caicos Islands,0.1%,19,9,,,,,,
Ranking based on prior 4 annual market year* totals ,2019,Fresh or chilled ,ANN: Jan-Dec,ANN,,,,,,,,,,,342,Bahamas,0.1%,14,,,,,,,
Ranking based on prior 4 annual market year* totals ,2020,Fresh or chilled ,ANN: Jan-Dec,ANN,,,,,,,,,,,569,Bahamas,0.1%,14,7,,,,,,
Ranking based on prior 4 annual market year* totals ,2021,Fresh or chilled ,ANN: Jan-Dec,ANN,,,,,,,,,,,269,Bahamas,0.1%,14,18,,,,,,
Ranking based on prior 4 annual market year* totals ,2022,Fresh or chilled ,ANN: Jan-Dec,ANN,,,,,,,,,,,403,Bahamas,0.1%,14,30,,,,,,
Ranking based on prior 4 annual market year* totals ,2022,Fresh or chilled ,ANN: Jan-Dec,Jun YTD,,,,,,,,,,,36,Bahamas,0.1%,14,3,,,,,,
Ranking based on prior 4 annual market year* totals ,2023,Fresh or chilled ,ANN: Jan-Dec,Jun YTD,,,,,,,,,,,132,Bahamas,0.1%,14,4,,,,,,
Ranking based on prior 4 annual market year* totals ,2019,Fresh or chilled ,ANN: Jan-Dec,ANN,,,,,,,,,,,342,India,0.1%,11,54,,,,,,
Ranking based on prior 4 annual market year* totals ,2020,Fresh or chilled ,ANN: Jan-Dec,ANN,,,,,,,,,,,569,India,0.1%,11,,,,,,,
Ranking based on prior 4 annual market year* totals ,2021,Fresh or chilled ,ANN: Jan-Dec,ANN,,,,,,,,,,,269,India,0.1%,11,,,,,,,
Ranking based on prior 4 annual market year* totals ,2022,Fresh or chilled ,ANN: Jan-Dec,ANN,,,,,,,,,,,403,India,0.1%,11,,,,,,,
Ranking based on prior 4 annual market year* totals ,2022,Fresh or chilled ,ANN: Jan-Dec,Jun YTD,,,,,,,,,,,36,India,0.1%,11,,,,,,,
Ranking based on prior 4 annual market year* totals ,2023,Fresh or chilled ,ANN: Jan-Dec,Jun YTD,,,,,,,,,,,132,India,0.1%,11,,,,,,,
Ranking based on prior 4 annual market year* totals ,2019,Fresh or chilled ,ANN: Jan-Dec,ANN,,,,,,,,,,,342,United Arab Emirates,0.0%,12,8,,,,,,
Ranking based on prior 4 annual market year* totals ,2020,Fresh or chilled ,ANN: Jan-Dec,ANN,,,,,,,,,,,569,United Arab Emirates,0.0%,12,16,,,,,,
Ranking based on prior 4 annual market year* totals ,2021,Fresh or chilled ,ANN: Jan-Dec,ANN,,,,,,,,,,,269,United Arab Emirates,0.0%,12,21,,,,,,
Ranking based on prior 4 annual market year* totals ,2022,Fresh or chilled ,ANN: Jan-Dec,ANN,,,,,,,,,,,403,United Arab Emirates,0.0%,12,3,,,,,,
Ranking based on prior 4 annual market year* totals ,2022,Fresh or chilled ,ANN: Jan-Dec,Jun YTD,,,,,,,,,,,36,United Arab Emirates,0.0%,12,3,,,,,,
Ranking based on prior 4 annual market year* totals ,2023,Fresh or chilled ,ANN: Jan-Dec,Jun YTD,,,,,,,,,,,132,United Arab Emirates,0.0%,12,,,,,,,
Ranking based on prior 4 annual market year* totals ,2019,Fresh or chilled ,ANN: Jan-Dec,ANN,,,,,,,,,,,342,France,0.0%,9,,,,,,,
Ranking based on prior 4 annual market year* totals ,2020,Fresh or chilled ,ANN: Jan-Dec,ANN,,,,,,,,,,,569,France,0.0%,9,45,,,,,,
Ranking based on prior 4 annual market year* totals ,2021,Fresh or chilled ,ANN: Jan-Dec,ANN,,,,,,,,,,,269,France,0.0%,9,,,,,,,
Ranking based on prior 4 annual market year* totals ,2022,Fresh or chilled ,ANN: Jan-Dec,ANN,,,,,,,,,,,403,France,0.0%,9,,,,,,,
Ranking based on prior 4 annual market year* totals ,2022,Fresh or chilled ,ANN: Jan-Dec,Jun YTD,,,,,,,,,,,36,France,0.0%,9,,,,,,,
Ranking based on prior 4 annual market year* totals ,2023,Fresh or chilled ,ANN: Jan-Dec,Jun YTD,,,,,,,,,,,132,France,0.0%,9,,,,,,,
Ranking based on prior 4 annual market year* totals ,2019,Fresh or chilled ,ANN: Jan-Dec,ANN,,,,,,,,,,,342,Curacao,0.0%,10,,,,,,,
Ranking based on prior 4 annual market year* totals ,2020,Fresh or chilled ,ANN: Jan-Dec,ANN,,,,,,,,,,,569,Curacao,0.0%,10,20,,,,,,
Ranking based on prior 4 annual market year* totals ,2021,Fresh or chilled ,ANN: Jan-Dec,ANN,,,,,,,,,,,269,Curacao,0.0%,10,3,,,,,,
Ranking based on prior 4 annual market year* totals ,2022,Fresh or chilled ,ANN: Jan-Dec,ANN,,,,,,,,,,,403,Curacao,0.0%,10,18,,,,,,
Ranking based on prior 4 annual market year* totals ,2022,Fresh or chilled ,ANN: Jan-Dec,Jun YTD,,,,,,,,,,,36,Curacao,0.0%,10,3,,,,,,
Ranking based on prior 4 annual market year* totals ,2023,Fresh or chilled ,ANN: Jan-Dec,Jun YTD,,,,,,,,,,,132,Curacao,0.0%,10,3,,,,,,
Ranking based on prior 4 annual market year* totals ,2019,Fresh or chilled ,ANN: Jan-Dec,ANN,,,,,,,,,,,342,Dominican Republic,0.0%,7,10,,,,,,
Ranking based on prior 4 annual market year* totals ,2020,Fresh or chilled ,ANN: Jan-Dec,ANN,,,,,,,,,,,569,Dominican Republic,0.0%,7,,,,,,,
Ranking based on prior 4 annual market year* totals ,2021,Fresh or chilled ,ANN: Jan-Dec,ANN,,,,,,,,,,,269,Dominican Republic,0.0%,7,18,,,,,,
Ranking based on prior 4 annual market year* totals ,2022,Fresh or chilled ,ANN: Jan-Dec,ANN,,,,,,,,,,,403,Dominican Republic,0.0%,7,8,,,,,,
Ranking based on prior 4 annual market year* totals ,2022,Fresh or chilled ,ANN: Jan-Dec,Jun YTD,,,,,,,,,,,36,Dominican Republic,0.0%,7,,,,,,,
Ranking based on prior 4 annual market year* totals ,2023,Fresh or chilled ,ANN: Jan-Dec,Jun YTD,,,,,,,,,,,132,Dominican Republic,0.0%,7,,,,,,,
Ranking based on prior 4 annual market year* totals ,2019,Fresh or chilled ,ANN: Jan-Dec,ANN,,,,,,,,,,,342,New Zealand,0.0%,7,,,,,,,
Ranking based on prior 4 annual market year* totals ,2020,Fresh or chilled ,ANN: Jan-Dec,ANN,,,,,,,,,,,569,New Zealand,0.0%,7,,,,,,,
Ranking based on prior 4 annual market year* totals ,2021,Fresh or chilled ,ANN: Jan-Dec,ANN,,,,,,,,,,,269,New Zealand,0.0%,7,,,,,,,
Ranking based on prior 4 annual market year* totals ,2022,Fresh or chilled ,ANN: Jan-Dec,ANN,,,,,,,,,,,403,New Zealand,0.0%,7,35,,,,,,
Ranking based on prior 4 annual market year* totals ,2022,Fresh or chilled ,ANN: Jan-Dec,Jun YTD,,,,,,,,,,,36,New Zealand,0.0%,7,,,,,,,
Ranking based on prior 4 annual market year* totals ,2023,Fresh or chilled ,ANN: Jan-Dec,Jun YTD,,,,,,,,,,,132,New Zealand,0.0%,7,,,,,,,
Ranking based on prior 4 annual market year* totals ,2019,Fresh or chilled ,ANN: Jan-Dec,ANN,,,,,,,,,,,342,Costa Rica,0.0%,7,9,,,,,,
Ranking based on prior 4 annual market year* totals ,2020,Fresh or chilled ,ANN: Jan-Dec,ANN,,,,,,,,,,,569,Costa Rica,0.0%,7,,,,,,,
Ranking based on prior 4 annual market year* totals ,2021,Fresh or chilled ,ANN: Jan-Dec,ANN,,,,,,,,,,,269,Costa Rica,0.0%,7,,,,,,,
Ranking based on prior 4 annual market year* totals ,2022,Fresh or chilled ,ANN: Jan-Dec,ANN,,,,,,,,,,,403,Costa Rica,0.0%,7,25,,,,,,
Ranking based on prior 4 annual market year* totals ,2022,Fresh or chilled ,ANN: Jan-Dec,Jun YTD,,,,,,,,,,,36,Costa Rica,0.0%,7,,,,,,,
Ranking based on prior 4 annual market year* totals ,2023,Fresh or chilled ,ANN: Jan-Dec,Jun YTD,,,,,,,,,,,132,Costa Rica,0.0%,7,,,,,,,
Ranking based on prior 4 annual market year* totals ,2019,Fresh or chilled ,ANN: Jan-Dec,ANN,,,,,,,,,,,342,El Salvador,0.0%,6,8,,,,,,
Ranking based on prior 4 annual market year* totals ,2020,Fresh or chilled ,ANN: Jan-Dec,ANN,,,,,,,,,,,569,El Salvador,0.0%,6,,,,,,,
Ranking based on prior 4 annual market year* totals ,2021,Fresh or chilled ,ANN: Jan-Dec,ANN,,,,,,,,,,,269,El Salvador,0.0%,6,20,,,,,,
Ranking based on prior 4 annual market year* totals ,2022,Fresh or chilled ,ANN: Jan-Dec,ANN,,,,,,,,,,,403,El Salvador,0.0%,6,,,,,,,
Ranking based on prior 4 annual market year* totals ,2022,Fresh or chilled ,ANN: Jan-Dec,Jun YTD,,,,,,,,,,,36,El Salvador,0.0%,6,,,,,,,
Ranking based on prior 4 annual market year* totals ,2023,Fresh or chilled ,ANN: Jan-Dec,Jun YTD,,,,,,,,,,,132,El Salvador,0.0%,6,,,,,,,
Ranking based on prior 4 annual market year* totals ,2019,Fresh or chilled ,ANN: Jan-Dec,ANN,,,,,,,,,,,342,Australia,0.0%,6,,,,,,,
Ranking based on prior 4 annual market year* totals ,2020,Fresh or chilled ,ANN: Jan-Dec,ANN,,,,,,,,,,,569,Australia,0.0%,6,16,,,,,,
Ranking based on prior 4 annual market year* totals ,2021,Fresh or chilled ,ANN: Jan-Dec,ANN,,,,,,,,,,,269,Australia,0.0%,6,3,,,,,,
Ranking based on prior 4 annual market year* totals ,2022,Fresh or chilled ,ANN: Jan-Dec,ANN,,,,,,,,,,,403,Australia,0.0%,6,7,,,,,,
Ranking based on prior 4 annual market year* totals ,2022,Fresh or chilled ,ANN: Jan-Dec,Jun YTD,,,,,,,,,,,36,Australia,0.0%,6,7,,,,,,
Ranking based on prior 4 annual market year* totals ,2023,Fresh or chilled ,ANN: Jan-Dec,Jun YTD,,,,,,,,,,,132,Australia,0.0%,6,,,,,,,
Ranking based on prior 4 annual market year* totals ,2019,Fresh or chilled ,ANN: Jan-Dec,ANN,,,,,,,,,,,342,Cayman Islands,0.0%,6,,,,,,,
Ranking based on prior 4 annual market year* totals ,2020,Fresh or chilled ,ANN: Jan-Dec,ANN,,,,,,,,,,,569,Cayman Islands,0.0%,6,6,,,,,,
Ranking based on prior 4 annual market year* totals ,2021,Fresh or chilled ,ANN: Jan-Dec,ANN,,,,,,,,,,,269,Cayman Islands,0.0%,6,5,,,,,,
Ranking based on prior 4 annual market year* totals ,2022,Fresh or chilled ,ANN: Jan-Dec,ANN,,,,,,,,,,,403,Cayman Islands,0.0%,6,14,,,,,,
Ranking based on prior 4 annual market year* totals ,2022,Fresh or chilled ,ANN: Jan-Dec,Jun YTD,,,,,,,,,,,36,Cayman Islands,0.0%,6,3,,,,,,
Ranking based on prior 4 annual market year* totals ,2023,Fresh or chilled ,ANN: Jan-Dec,Jun YTD,,,,,,,,,,,132,Cayman Islands,0.0%,6,,,,,,,
Ranking based on prior 4 annual market year* totals ,2019,Fresh or chilled ,ANN: Jan-Dec,ANN,,,,,,,,,,,342,Iceland,0.0%,4,10,,,,,,
Ranking based on prior 4 annual market year* totals ,2020,Fresh or chilled ,ANN: Jan-Dec,ANN,,,,,,,,,,,569,Iceland,0.0%,4,10,,,,,,
Ranking based on prior 4 annual market year* totals ,2021,Fresh or chilled ,ANN: Jan-Dec,ANN,,,,,,,,,,,269,Iceland,0.0%,4,,,,,,,
Ranking based on prior 4 annual market year* totals ,2022,Fresh or chilled ,ANN: Jan-Dec,ANN,,,,,,,,,,,403,Iceland,0.0%,4,,,,,,,
Ranking based on prior 4 annual market year* totals ,2022,Fresh or chilled ,ANN: Jan-Dec,Jun YTD,,,,,,,,,,,36,Iceland,0.0%,4,,,,,,,
Ranking based on prior 4 annual market year* totals ,2023,Fresh or chilled ,ANN: Jan-Dec,Jun YTD,,,,,,,,,,,132,Iceland,0.0%,4,,,,,,,
Ranking based on prior 4 annual market year* totals ,2019,Fresh or chilled ,ANN: Jan-Dec,ANN,,,,,,,,,,,342,Aruba,0.0%,4,,,,,,,
Ranking based on prior 4 annual market year* totals ,2020,Fresh or chilled ,ANN: Jan-Dec,ANN,,,,,,,,,,,569,Aruba,0.0%,4,,,,,,,
Ranking based on prior 4 annual market year* totals ,2021,Fresh or chilled ,ANN: Jan-Dec,ANN,,,,,,,,,,,269,Aruba,0.0%,4,3,,,,,,
Ranking based on prior 4 annual market year* totals ,2022,Fresh or chilled ,ANN: Jan-Dec,ANN,,,,,,,,,,,403,Aruba,0.0%,4,13,,,,,,
Ranking based on prior 4 annual market year* totals ,2022,Fresh or chilled ,ANN: Jan-Dec,Jun YTD,,,,,,,,,,,36,Aruba,0.0%,4,,,,,,,
Ranking based on prior 4 annual market year* totals ,2023,Fresh or chilled ,ANN: Jan-Dec,Jun YTD,,,,,,,,,,,132,Aruba,0.0%,4,3,,,,,,
Ranking based on prior 4 annual market year* totals ,2019,Fresh or chilled ,ANN: Jan-Dec,ANN,,,,,,,,,,,342,China,0.0%,4,18,,,,,,
Ranking based on prior 4 annual market year* totals ,2020,Fresh or chilled ,ANN: Jan-Dec,ANN,,,,,,,,,,,569,China,0.0%,4,,,,,,,
Ranking based on prior 4 annual market year* totals ,2021,Fresh or chilled ,ANN: Jan-Dec,ANN,,,,,,,,,,,269,China,0.0%,4,,,,,,,
Ranking based on prior 4 annual market year* totals ,2022,Fresh or chilled ,ANN: Jan-Dec,ANN,,,,,,,,,,,403,China,0.0%,4,,,,,,,
Ranking based on prior 4 annual market year* totals ,2022,Fresh or chilled ,ANN: Jan-Dec,Jun YTD,,,,,,,,,,,36,China,0.0%,4,,,,,,,
Ranking based on prior 4 annual market year* totals ,2023,Fresh or chilled ,ANN: Jan-Dec,Jun YTD,,,,,,,,,,,132,China,0.0%,4,,,,,,,
Ranking based on prior 4 annual market year* totals ,2019,Fresh or chilled ,ANN: Jan-Dec,ANN,,,,,,,,,,,342,French Southern and Antarctic Lands,0.0%,3,,,,,,,
Ranking based on prior 4 annual market year* totals ,2020,Fresh or chilled ,ANN: Jan-Dec,ANN,,,,,,,,,,,569,French Southern and Antarctic Lands,0.0%,3,,,,,,,
Ranking based on prior 4 annual market year* totals ,2021,Fresh or chilled ,ANN: Jan-Dec,ANN,,,,,,,,,,,269,French Southern and Antarctic Lands,0.0%,3,6,,,,,,
Ranking based on prior 4 annual market year* totals ,2022,Fresh or chilled ,ANN: Jan-Dec,ANN,,,,,,,,,,,403,French Southern and Antarctic Lands,0.0%,3,11,,,,,,
Ranking based on prior 4 annual market year* totals ,2022,Fresh or chilled ,ANN: Jan-Dec,Jun YTD,,,,,,,,,,,36,French Southern and Antarctic Lands,0.0%,3,,,,,,,
Ranking based on prior 4 annual market year* totals ,2023,Fresh or chilled ,ANN: Jan-Dec,Jun YTD,,,,,,,,,,,132,French Southern and Antarctic Lands,0.0%,3,,,,,,,
Ranking based on prior 4 annual market year* totals ,2019,Fresh or chilled ,ANN: Jan-Dec,ANN,,,,,,,,,,,342,Barbados,0.0%,2,3,,,,,,
Ranking based on prior 4 annual market year* totals ,2020,Fresh or chilled ,ANN: Jan-Dec,ANN,,,,,,,,,,,569,Barbados,0.0%,2,6,,,,,,
Ranking based on prior 4 annual market year* totals ,2021,Fresh or chilled ,ANN: Jan-Dec,ANN,,,,,,,,,,,269,Barbados,0.0%,2,,,,,,,
Ranking based on prior 4 annual market year* totals ,2022,Fresh or chilled ,ANN: Jan-Dec,ANN,,,,,,,,,,,403,Barbados,0.0%,2,,,,,,,
Ranking based on prior 4 annual market year* totals ,2022,Fresh or chilled ,ANN: Jan-Dec,Jun YTD,,,,,,,,,,,36,Barbados,0.0%,2,,,,,,,
Ranking based on prior 4 annual market year* totals ,2023,Fresh or chilled ,ANN: Jan-Dec,Jun YTD,,,,,,,,,,,132,Barbados,0.0%,2,,,,,,,
Ranking based on prior 4 annual market year* totals ,2019,Fresh or chilled ,ANN: Jan-Dec,ANN,,,,,,,,,,,342,Saudi Arabia,0.0%,2,,,,,,,
Ranking based on prior 4 annual market year* totals ,2020,Fresh or chilled ,ANN: Jan-Dec,ANN,,,,,,,,,,,569,Saudi Arabia,0.0%,2,,,,,,,
Ranking based on prior 4 annual market year* totals ,2021,Fresh or chilled ,ANN: Jan-Dec,ANN,,,,,,,,,,,269,Saudi Arabia,0.0%,2,3,,,,,,
Ranking based on prior 4 annual market year* totals ,2022,Fresh or chilled ,ANN: Jan-Dec,ANN,,,,,,,,,,,403,Saudi Arabia,0.0%,2,6,,,,,,
Ranking based on prior 4 annual market year* totals ,2022,Fresh or chilled ,ANN: Jan-Dec,Jun YTD,,,,,,,,,,,36,Saudi Arabia,0.0%,2,,,,,,,
Ranking based on prior 4 annual market year* totals ,2023,Fresh or chilled ,ANN: Jan-Dec,Jun YTD,,,,,,,,,,,132,Saudi Arabia,0.0%,2,,,,,,,
Ranking based on prior 4 annual market year* totals ,2019,Fresh or chilled ,ANN: Jan-Dec,ANN,,,,,,,,,,,342,Brazil,0.0%,2,,,,,,,
Ranking based on prior 4 annual market year* totals ,2020,Fresh or chilled ,ANN: Jan-Dec,ANN,,,,,,,,,,,569,Brazil,0.0%,2,,,,,,,
Ranking based on prior 4 annual market year* totals ,2021,Fresh or chilled ,ANN: Jan-Dec,ANN,,,,,,,,,,,269,Brazil,0.0%,2,9,,,,,,
Ranking based on prior 4 annual market year* totals ,2022,Fresh or chilled ,ANN: Jan-Dec,ANN,,,,,,,,,,,403,Brazil,0.0%,2,,,,,,,
Ranking based on prior 4 annual market year* totals ,2022,Fresh or chilled ,ANN: Jan-Dec,Jun YTD,,,,,,,,,,,36,Brazil,0.0%,2,,,,,,,
Ranking based on prior 4 annual market year* totals ,2023,Fresh or chilled ,ANN: Jan-Dec,Jun YTD,,,,,,,,,,,132,Brazil,0.0%,2,,,,,,,
Ranking based on prior 4 annual market year* totals ,2019,Fresh or chilled ,ANN: Jan-Dec,ANN,,,,,,,,,,,342,Bermuda,0.0%,1,7,,,,,,
Ranking based on prior 4 annual market year* totals ,2020,Fresh or chilled ,ANN: Jan-Dec,ANN,,,,,,,,,,,569,Bermuda,0.0%,1,,,,,,,
Ranking based on prior 4 annual market year* totals ,2021,Fresh or chilled ,ANN: Jan-Dec,ANN,,,,,,,,,,,269,Bermuda,0.0%,1,,,,,,,
Ranking based on prior 4 annual market year* totals ,2022,Fresh or chilled ,ANN: Jan-Dec,ANN,,,,,,,,,,,403,Bermuda,0.0%,1,,,,,,,
Ranking based on prior 4 annual market year* totals ,2022,Fresh or chilled ,ANN: Jan-Dec,Jun YTD,,,,,,,,,,,36,Bermuda,0.0%,1,,,,,,,
Ranking based on prior 4 annual market year* totals ,2023,Fresh or chilled ,ANN: Jan-Dec,Jun YTD,,,,,,,,,,,132,Bermuda,0.0%,1,,,,,,,
Ranking based on prior 4 annual market year* totals ,2019,Fresh or chilled ,ANN: Jan-Dec,ANN,,,,,,,,,,,342,St Vincent and the Grenadines,0.0%,1,,,,,,,
Ranking based on prior 4 annual market year* totals ,2020,Fresh or chilled ,ANN: Jan-Dec,ANN,,,,,,,,,,,569,St Vincent and the Grenadines,0.0%,1,,,,,,,
Ranking based on prior 4 annual market year* totals ,2021,Fresh or chilled ,ANN: Jan-Dec,ANN,,,,,,,,,,,269,St Vincent and the Grenadines,0.0%,1,,,,,,,
Ranking based on prior 4 annual market year* totals ,2022,Fresh or chilled ,ANN: Jan-Dec,ANN,,,,,,,,,,,403,St Vincent and the Grenadines,0.0%,1,5,,,,,,
Ranking based on prior 4 annual market year* totals ,2022,Fresh or chilled ,ANN: Jan-Dec,Jun YTD,,,,,,,,,,,36,St Vincent and the Grenadines,0.0%,1,,,,,,,
Ranking based on prior 4 annual market year* totals ,2023,Fresh or chilled ,ANN: Jan-Dec,Jun YTD,,,,,,,,,,,132,St Vincent and the Grenadines,0.0%,1,,,,,,,
Ranking based on prior 4 annual market year* totals ,2019,Fresh or chilled ,ANN: Jan-Dec,ANN,,,,,,,,,,,342,Kuwait,0.0%,1,,,,,,,
Ranking based on prior 4 annual market year* totals ,2020,Fresh or chilled ,ANN: Jan-Dec,ANN,,,,,,,,,,,569,Kuwait,0.0%,1,,,,,,,
Ranking based on prior 4 annual market year* totals ,2021,Fresh or chilled ,ANN: Jan-Dec,ANN,,,,,,,,,,,269,Kuwait,0.0%,1,5,,,,,,
Ranking based on prior 4 annual market year* totals ,2022,Fresh or chilled ,ANN: Jan-Dec,ANN,,,,,,,,,,,403,Kuwait,0.0%,1,,,,,,,
Ranking based on prior 4 annual market year* totals ,2022,Fresh or chilled ,ANN: Jan-Dec,Jun YTD,,,,,,,,,,,36,Kuwait,0.0%,1,,,,,,,
Ranking based on prior 4 annual market year* totals ,2023,Fresh or chilled ,ANN: Jan-Dec,Jun YTD,,,,,,,,,,,132,Kuwait,0.0%,1,,,,,,,
Ranking based on prior 4 annual market year* totals ,2019,Fresh or chilled ,ANN: Jan-Dec,ANN,,,,,,,,,,,342,Malaysia,0.0%,1,4,,,,,,
Ranking based on prior 4 annual market year* totals ,2020,Fresh or chilled ,ANN: Jan-Dec,ANN,,,,,,,,,,,569,Malaysia,0.0%,1,,,,,,,
Ranking based on prior 4 annual market year* totals ,2021,Fresh or chilled ,ANN: Jan-Dec,ANN,,,,,,,,,,,269,Malaysia,0.0%,1,,,,,,,
Ranking based on prior 4 annual market year* totals ,2022,Fresh or chilled ,ANN: Jan-Dec,ANN,,,,,,,,,,,403,Malaysia,0.0%,1,,,,,,,
Ranking based on prior 4 annual market year* totals ,2022,Fresh or chilled ,ANN: Jan-Dec,Jun YTD,,,,,,,,,,,36,Malaysia,0.0%,1,,,,,,,
Ranking based on prior 4 annual market year* totals ,2023,Fresh or chilled ,ANN: Jan-Dec,Jun YTD,,,,,,,,,,,132,Malaysia,0.0%,1,,,,,,,
Ranking based on prior 4 annual market year* totals ,2019,Fresh or chilled ,ANN: Jan-Dec,ANN,,,,,,,,,,,342,Sint Maarten,0.0%,1,,,,,,,
Ranking based on prior 4 annual market year* totals ,2020,Fresh or chilled ,ANN: Jan-Dec,ANN,,,,,,,,,,,569,Sint Maarten,0.0%,1,,,,,,,
Ranking based on prior 4 annual market year* totals ,2021,Fresh or chilled ,ANN: Jan-Dec,ANN,,,,,,,,,,,269,Sint Maarten,0.0%,1,,,,,,,
Ranking based on prior 4 annual market year* totals ,2022,Fresh or chilled ,ANN: Jan-Dec,ANN,,,,,,,,,,,403,Sint Maarten,0.0%,1,4,,,,,,
Ranking based on prior 4 annual market year* totals ,2022,Fresh or chilled ,ANN: Jan-Dec,Jun YTD,,,,,,,,,,,36,Sint Maarten,0.0%,1,4,,,,,,
Ranking based on prior 4 annual market year* totals ,2023,Fresh or chilled ,ANN: Jan-Dec,Jun YTD,,,,,,,,,,,132,Sint Maarten,0.0%,1,,,,,,,
Ranking based on prior 4 annual market year* totals ,2019,Fresh or chilled ,ANN: Jan-Dec,ANN,,,,,,,,,,,342,Egypt,0.0%,1,,,,,,,
Ranking based on prior 4 annual market year* totals ,2020,Fresh or chilled ,ANN: Jan-Dec,ANN,,,,,,,,,,,569,Egypt,0.0%,1,3,,,,,,
Ranking based on prior 4 annual market year* totals ,2021,Fresh or chilled ,ANN: Jan-Dec,ANN,,,,,,,,,,,269,Egypt,0.0%,1,,,,,,,
Ranking based on prior 4 annual market year* totals ,2022,Fresh or chilled ,ANN: Jan-Dec,ANN,,,,,,,,,,,403,Egypt,0.0%,1,,,,,,,
Ranking based on prior 4 annual market year* totals ,2022,Fresh or chilled ,ANN: Jan-Dec,Jun YTD,,,,,,,,,,,36,Egypt,0.0%,1,,,,,,,
Ranking based on prior 4 annual market year* totals ,2023,Fresh or chilled ,ANN: Jan-Dec,Jun YTD,,,,,,,,,,,132,Egypt,0.0%,1,,,,,,,
Ranking based on prior 4 annual market year* totals ,2019,Fresh or chilled ,ANN: Jan-Dec,ANN,,,,,,,,,,,342,Netherlands,0.0%,1,,,,,,,
Ranking based on prior 4 annual market year* totals ,2020,Fresh or chilled ,ANN: Jan-Dec,ANN,,,,,,,,,,,569,Netherlands,0.0%,1,3,,,,,,
Ranking based on prior 4 annual market year* totals ,2021,Fresh or chilled ,ANN: Jan-Dec,ANN,,,,,,,,,,,269,Netherlands,0.0%,1,,,,,,,
Ranking based on prior 4 annual market year* totals ,2022,Fresh or chilled ,ANN: Jan-Dec,ANN,,,,,,,,,,,403,Netherlands,0.0%,1,,,,,,,
Ranking based on prior 4 annual market year* totals ,2022,Fresh or chilled ,ANN: Jan-Dec,Jun YTD,,,,,,,,,,,36,Netherlands,0.0%,1,,,,,,,
Ranking based on prior 4 annual market year* totals ,2023,Fresh or chilled ,ANN: Jan-Dec,Jun YTD,,,,,,,,,,,132,Netherlands,0.0%,1,,,,,,,
Ranking based on prior 4 annual market year* totals ,2019,Fresh or chilled ,ANN: Jan-Dec,ANN,,,,,,,,,,,342,Belgium,0.0%,0,,,,,,,
Ranking based on prior 4 annual market year* totals ,2020,Fresh or chilled ,ANN: Jan-Dec,ANN,,,,,,,,,,,569,Belgium,0.0%,0,,,,,,,
Ranking based on prior 4 annual market year* totals ,2021,Fresh or chilled ,ANN: Jan-Dec,ANN,,,,,,,,,,,269,Belgium,0.0%,0,,,,,,,
Ranking based on prior 4 annual market year* totals ,2022,Fresh or chilled ,ANN: Jan-Dec,ANN,,,,,,,,,,,403,Belgium,0.0%,0,,,,,,,
Ranking based on prior 4 annual market year* totals ,2022,Fresh or chilled ,ANN: Jan-Dec,Jun YTD,,,,,,,,,,,36,Belgium,0.0%,0,,,,,,,
Ranking based on prior 4 annual market year* totals ,2023,Fresh or chilled ,ANN: Jan-Dec,Jun YTD,,,,,,,,,,,132,Belgium,0.0%,0,3,,,,,,
Ranking based on prior 4 annual market year* totals ,2019,Fresh or chilled ,ANN: Jan-Dec,ANN,,,,,,,,,,,342,British Virgin Islands,0.0%,1,,,,,,,
Ranking based on prior 4 annual market year* totals ,2020,Fresh or chilled ,ANN: Jan-Dec,ANN,,,,,,,,,,,569,British Virgin Islands,0.0%,1,,,,,,,
Ranking based on prior 4 annual market year* totals ,2021,Fresh or chilled ,ANN: Jan-Dec,ANN,,,,,,,,,,,269,British Virgin Islands,0.0%,1,,,,,,,
Ranking based on prior 4 annual market year* totals ,2022,Fresh or chilled ,ANN: Jan-Dec,ANN,,,,,,,,,,,403,British Virgin Islands,0.0%,1,3,,,,,,
Ranking based on prior 4 annual market year* totals ,2022,Fresh or chilled ,ANN: Jan-Dec,Jun YTD,,,,,,,,,,,36,British Virgin Islands,0.0%,1,,,,,,,
Ranking based on prior 4 annual market year* totals ,2023,Fresh or chilled ,ANN: Jan-Dec,Jun YTD,,,,,,,,,,,132,British Virgin Islands,0.0%,1,,,,,,,
,,,,,,,,,,,,,,,,,,,,Fresh or chilled total,"22,624",seg Num,2019,22,
,,,,,,,,,,,,,,,,,,,,Fresh or chilled total,"22,624",seg Num,2020,22,
,,,,,,,,,,,,,,,,,,,,Fresh or chilled total,"22,624",seg Num,2021,24,
,,,,,,,,,,,,,,,,,,,,Fresh or chilled total,"22,624",seg Num,2022,22,

Textbox104,marketSegment6,Textbox116,stat_year17,stat_month9,CountryName9,Textbox69,Textbox100,all qty yr_label,all qty yr_ChartGroup19_label,all qty yr_ChartGroup19_Value_Y,ExpDestValue_tbx8,all qty yr_label,all qty yr_ChartGroup22_label,all qty yr_ChartGroup22_Value_Y,ExpDestValue_tbx10,CountryName,share,Textbox53,ExpDestValue_tbx9,Textbox102,Textbox92,seg Num_label,seg Num_ChartGroup20_label,seg Num_ChartGroup20_Value_Y,Textbox110
Ranking based on prior 4 annual market year* totals ,,,,,Canada,84.7%,"38,448",all qty yr,2019,41147,,,,,,,,,,,,,,,
Ranking based on prior 4 annual market year* totals ,,,,,Canada,84.7%,"38,448",all qty yr,2020,38040,,,,,,,,,,,,,,,
Ranking based on prior 4 annual market year* totals ,,,,,Canada,84.7%,"38,448",all qty yr,2021,38933,,,,,,,,,,,,,,,
Ranking based on prior 4 annual market year* totals ,,,,,Canada,84.7%,"38,448",all qty yr,2022,35670,,,,,,,,,,,,,,,
Ranking based on prior 4 annual market year* totals ,Fresh or chilled ,ANN: Jan-Dec,2019,ANN,Canada,84.7%,"38,448",,,,"41,147",,,,,,,,,,,,,,
Ranking based on prior 4 annual market year* totals ,Fresh or chilled ,ANN: Jan-Dec,2020,ANN,Canada,84.7%,"38,448",,,,"38,040",,,,,,,,,,,,,,
Ranking based on prior 4 annual market year* totals ,Fresh or chilled ,ANN: Jan-Dec,2021,ANN,Canada,84.7%,"38,448",,,,"38,933",,,,,,,,,,,,,,
Ranking based on prior 4 annual market year* totals ,Fresh or chilled ,ANN: Jan-Dec,2022,ANN,Canada,84.7%,"38,448",,,,"35,670",,,,,,,,,,,,,,
Ranking based on prior 4 annual market year* totals ,Fresh or chilled ,ANN: Jan-Dec,2022,Jun YTD,Canada,84.7%,"38,448",,,,"18,528",,,,,,,,,,,,,,
Ranking based on prior 4 annual market year* totals ,Fresh or chilled ,ANN: Jan-Dec,2023,Jun YTD,Canada,84.7%,"38,448",,,,"16,594",,,,,,,,,,,,,,
Ranking based on prior 4 annual market year* totals ,,,,,Mexico,9.1%,"4,476",all qty yr,2019,3983,,,,,,,,,,,,,,,
Ranking based on prior 4 annual market year* totals ,,,,,Mexico,9.1%,"4,476",all qty yr,2020,3620,,,,,,,,,,,,,,,
Ranking based on prior 4 annual market year* totals ,,,,,Mexico,9.1%,"4,476",all qty yr,2021,4300,,,,,,,,,,,,,,,
Ranking based on prior 4 annual market year* totals ,,,,,Mexico,9.1%,"4,476",all qty yr,2022,6002,,,,,,,,,,,,,,,
Ranking based on prior 4 annual market year* totals ,Fresh or chilled ,ANN: Jan-Dec,2019,ANN,Mexico,9.1%,"4,476",,,,"3,983",,,,,,,,,,,,,,
Ranking based on prior 4 annual market year* totals ,Fresh or chilled ,ANN: Jan-Dec,2020,ANN,Mexico,9.1%,"4,476",,,,"3,620",,,,,,,,,,,,,,
Ranking based on prior 4 annual market year* totals ,Fresh or chilled ,ANN: Jan-Dec,2021,ANN,Mexico,9.1%,"4,476",,,,"4,300",,,,,,,,,,,,,,
Ranking based on prior 4 annual market year* totals ,Fresh or chilled ,ANN: Jan-Dec,2022,ANN,Mexico,9.1%,"4,476",,,,"6,002",,,,,,,,,,,,,,
Ranking based on prior 4 annual market year* totals ,Fresh or chilled ,ANN: Jan-Dec,2022,Jun YTD,Mexico,9.1%,"4,476",,,,856,,,,,,,,,,,,,,
Ranking based on prior 4 annual market year* totals ,Fresh or chilled ,ANN: Jan-Dec,2023,Jun YTD,Mexico,9.1%,"4,476",,,,352,,,,,,,,,,,,,,
Ranking based on prior 4 annual market year* totals ,,,,,Japan,4.9%,"1,989",all qty yr,2019,9211,,,,,,,,,,,,,,,
Ranking based on prior 4 annual market year* totals ,,,,,Japan,4.9%,"1,989",all qty yr,2020,621,,,,,,,,,,,,,,,
Ranking based on prior 4 annual market year* totals ,,,,,Japan,4.9%,"1,989",all qty yr,2021,105,,,,,,,,,,,,,,,
Ranking based on prior 4 annual market year* totals ,,,,,Japan,4.9%,"1,989",all qty yr,2022,7,,,,,,,,,,,,,,,
Ranking based on prior 4 annual market year* totals ,Fresh or chilled ,ANN: Jan-Dec,2019,ANN,Japan,4.9%,"1,989",,,,"9,211",,,,,,,,,,,,,,
Ranking based on prior 4 annual market year* totals ,Fresh or chilled ,ANN: Jan-Dec,2020,ANN,Japan,4.9%,"1,989",,,,621,,,,,,,,,,,,,,
Ranking based on prior 4 annual market year* totals ,Fresh or chilled ,ANN: Jan-Dec,2021,ANN,Japan,4.9%,"1,989",,,,105,,,,,,,,,,,,,,
Ranking based on prior 4 annual market year* totals ,Fresh or chilled ,ANN: Jan-Dec,2022,ANN,Japan,4.9%,"1,989",,,,7,,,,,,,,,,,,,,
Ranking based on prior 4 annual market year* totals ,Fresh or chilled ,ANN: Jan-Dec,2022,Jun YTD,Japan,4.9%,"1,989",,,,,,,,,,,,,,,,,,
Ranking based on prior 4 annual market year* totals ,Fresh or chilled ,ANN: Jan-Dec,2023,Jun YTD,Japan,4.9%,"1,989",,,,,,,,,,,,,,,,,,
Ranking based on prior 4 annual market year* totals ,,,,,Honduras,0.2%,90,all qty yr,2019,390,,,,,,,,,,,,,,,
Ranking based on prior 4 annual market year* totals ,,,,,Honduras,0.2%,90,all qty yr,2021,61,,,,,,,,,,,,,,,
Ranking based on prior 4 annual market year* totals ,Fresh or chilled ,ANN: Jan-Dec,2019,ANN,Honduras,0.2%,90,,,,390,,,,,,,,,,,,,,
Ranking based on prior 4 annual market year* totals ,Fresh or chilled ,ANN: Jan-Dec,2020,ANN,Honduras,0.2%,90,,,,,,,,,,,,,,,,,,
Ranking based on prior 4 annual market year* totals ,Fresh or chilled ,ANN: Jan-Dec,2021,ANN,Honduras,0.2%,90,,,,61,,,,,,,,,,,,,,
Ranking based on prior 4 annual market year* totals ,Fresh or chilled ,ANN: Jan-Dec,2022,ANN,Honduras,0.2%,90,,,,,,,,,,,,,,,,,,
Ranking based on prior 4 annual market year* totals ,Fresh or chilled ,ANN: Jan-Dec,2022,Jun YTD,Honduras,0.2%,90,,,,,,,,,,,,,,,,,,
Ranking based on prior 4 annual market year* totals ,Fresh or chilled ,ANN: Jan-Dec,2023,Jun YTD,Honduras,0.2%,90,,,,,,,,,,,,,,,,,,
Ranking based on prior 4 annual market year* totals ,,,,,"Korea, South",0.2%,60,all qty yr,2019,54,,,,,,,,,,,,,,,
Ranking based on prior 4 annual market year* totals ,,,,,"Korea, South",0.2%,60,all qty yr,2020,125,,,,,,,,,,,,,,,
Ranking based on prior 4 annual market year* totals ,,,,,"Korea, South",0.2%,60,all qty yr,2021,123,,,,,,,,,,,,,,,
Ranking based on prior 4 annual market year* totals ,Fresh or chilled ,ANN: Jan-Dec,2019,ANN,"Korea, South",0.2%,60,,,,54,,,,,,,,,,,,,,
Ranking based on prior 4 annual market year* totals ,Fresh or chilled ,ANN: Jan-Dec,2020,ANN,"Korea, South",0.2%,60,,,,125,,,,,,,,,,,,,,
Ranking based on prior 4 annual market year* totals ,Fresh or chilled ,ANN: Jan-Dec,2021,ANN,"Korea, South",0.2%,60,,,,123,,,,,,,,,,,,,,
Ranking based on prior 4 annual market year* totals ,Fresh or chilled ,ANN: Jan-Dec,2022,ANN,"Korea, South",0.2%,60,,,,,,,,,,,,,,,,,,
Ranking based on prior 4 annual market year* totals ,Fresh or chilled ,ANN: Jan-Dec,2022,Jun YTD,"Korea, South",0.2%,60,,,,,,,,,,,,,,,,,,
Ranking based on prior 4 annual market year* totals ,Fresh or chilled ,ANN: Jan-Dec,2023,Jun YTD,"Korea, South",0.2%,60,,,,,,,,,,,,,,,,,,
Ranking based on prior 4 annual market year* totals ,,,,,,,,,,,,all qty yr,2019,421,,,,,,,,,,,
Ranking based on prior 4 annual market year* totals ,,,,,,,,,,,,all qty yr,2020,602,,,,,,,,,,,
Ranking based on prior 4 annual market year* totals ,,,,,,,,,,,,all qty yr,2021,293,,,,,,,,,,,
Ranking based on prior 4 annual market year* totals ,,,,,,,,,,,,all qty yr,2022,419,,,,,,,,,,,
Ranking based on prior 4 annual market year* totals ,Fresh or chilled ,ANN: Jan-Dec,2019,ANN,,,,,,,,,,,421,United Kingdom,0.1%,54,9,,,,,,
Ranking based on prior 4 annual market year* totals ,Fresh or chilled ,ANN: Jan-Dec,2020,ANN,,,,,,,,,,,602,United Kingdom,0.1%,54,244,,,,,,
Ranking based on prior 4 annual market year* totals ,Fresh or chilled ,ANN: Jan-Dec,2021,ANN,,,,,,,,,,,293,United Kingdom,0.1%,54,16,,,,,,
Ranking based on prior 4 annual market year* totals ,Fresh or chilled ,ANN: Jan-Dec,2022,ANN,,,,,,,,,,,419,United Kingdom,0.1%,54,,,,,,,
Ranking based on prior 4 annual market year* totals ,Fresh or chilled ,ANN: Jan-Dec,2022,Jun YTD,,,,,,,,,,,34,United Kingdom,0.1%,54,,,,,,,
Ranking based on prior 4 annual market year* totals ,Fresh or chilled ,ANN: Jan-Dec,2023,Jun YTD,,,,,,,,,,,90,United Kingdom,0.1%,54,,,,,,,
Ranking based on prior 4 annual market year* totals ,Fresh or chilled ,ANN: Jan-Dec,2019,ANN,,,,,,,,,,,421,Guatemala,0.1%,39,74,,,,,,
Ranking based on prior 4 annual market year* totals ,Fresh or chilled ,ANN: Jan-Dec,2020,ANN,,,,,,,,,,,602,Guatemala,0.1%,39,17,,,,,,
Ranking based on prior 4 annual market year* totals ,Fresh or chilled ,ANN: Jan-Dec,2021,ANN,,,,,,,,,,,293,Guatemala,0.1%,39,25,,,,,,
Ranking based on prior 4 annual market year* totals ,Fresh or chilled ,ANN: Jan-Dec,2022,ANN,,,,,,,,,,,419,Guatemala,0.1%,39,78,,,,,,
Ranking based on prior 4 annual market year* totals ,Fresh or chilled ,ANN: Jan-Dec,2022,Jun YTD,,,,,,,,,,,34,Guatemala,0.1%,39,,,,,,,
Ranking based on prior 4 annual market year* totals ,Fresh or chilled ,ANN: Jan-Dec,2023,Jun YTD,,,,,,,,,,,90,Guatemala,0.1%,39,,,,,,,
Ranking based on prior 4 annual market year* totals ,Fresh or chilled ,ANN: Jan-Dec,2019,ANN,,,,,,,,,,,421,Taiwan,0.1%,30,38,,,,,,
Ranking based on prior 4 annual market year* totals ,Fresh or chilled ,ANN: Jan-Dec,2020,ANN,,,,,,,,,,,602,Taiwan,0.1%,30,49,,,,,,
Ranking based on prior 4 annual market year* totals ,Fresh or chilled ,ANN: Jan-Dec,2021,ANN,,,,,,,,,,,293,Taiwan,0.1%,30,24,,,,,,
Ranking based on prior 4 annual market year* totals ,Fresh or chilled ,ANN: Jan-Dec,2022,ANN,,,,,,,,,,,419,Taiwan,0.1%,30,38,,,,,,
Ranking based on prior 4 annual market year* totals ,Fresh or chilled ,ANN: Jan-Dec,2022,Jun YTD,,,,,,,,,,,34,Taiwan,0.1%,30,,,,,,,
Ranking based on prior 4 annual market year* totals ,Fresh or chilled ,ANN: Jan-Dec,2023,Jun YTD,,,,,,,,,,,90,Taiwan,0.1%,30,,,,,,,
Ranking based on prior 4 annual market year* totals ,Fresh or chilled ,ANN: Jan-Dec,2019,ANN,,,,,,,,,,,421,Hong Kong,0.1%,27,64,,,,,,
Ranking based on prior 4 annual market year* totals ,Fresh or chilled ,ANN: Jan-Dec,2020,ANN,,,,,,,,,,,602,Hong Kong,0.1%,27,16,,,,,,
Ranking based on prior 4 annual market year* totals ,Fresh or chilled ,ANN: Jan-Dec,2021,ANN,,,,,,,,,,,293,Hong Kong,0.1%,27,27,,,,,,
Ranking based on prior 4 annual market year* totals ,Fresh or chilled ,ANN: Jan-Dec,2022,ANN,,,,,,,,,,,419,Hong Kong,0.1%,27,,,,,,,
Ranking based on prior 4 annual market year* totals ,Fresh or chilled ,ANN: Jan-Dec,2022,Jun YTD,,,,,,,,,,,34,Hong Kong,0.1%,27,,,,,,,
Ranking based on prior 4 annual market year* totals ,Fresh or chilled ,ANN: Jan-Dec,2023,Jun YTD,,,,,,,,,,,90,Hong Kong,0.1%,27,36,,,,,,
Ranking based on prior 4 annual market year* totals ,Fresh or chilled ,ANN: Jan-Dec,2019,ANN,,,,,,,,,,,421,Panama,0.1%,19,5,,,,,,
Ranking based on prior 4 annual market year* totals ,Fresh or chilled ,ANN: Jan-Dec,2020,ANN,,,,,,,,,,,602,Panama,0.1%,19,5,,,,,,
Ranking based on prior 4 annual market year* totals ,Fresh or chilled ,ANN: Jan-Dec,2021,ANN,,,,,,,,,,,293,Panama,0.1%,19,21,,,,,,
Ranking based on prior 4 annual market year* totals ,Fresh or chilled ,ANN: Jan-Dec,2022,ANN,,,,,,,,,,,419,Panama,0.1%,19,45,,,,,,
Ranking based on prior 4 annual market year* totals ,Fresh or chilled ,ANN: Jan-Dec,2022,Jun YTD,,,,,,,,,,,34,Panama,0.1%,19,,,,,,,
Ranking based on prior 4 annual market year* totals ,Fresh or chilled ,ANN: Jan-Dec,2023,Jun YTD,,,,,,,,,,,90,Panama,0.1%,19,32,,,,,,
Ranking based on prior 4 annual market year* totals ,Fresh or chilled ,ANN: Jan-Dec,2019,ANN,,,,,,,,,,,421,Dominican Republic,0.1%,21,34,,,,,,
Ranking based on prior 4 annual market year* totals ,Fresh or chilled ,ANN: Jan-Dec,2020,ANN,,,,,,,,,,,602,Dominican Republic,0.1%,21,,,,,,,
Ranking based on prior 4 annual market year* totals ,Fresh or chilled ,ANN: Jan-Dec,2021,ANN,,,,,,,,,,,293,Dominican Republic,0.1%,21,41,,,,,,
Ranking based on prior 4 annual market year* totals ,Fresh or chilled ,ANN: Jan-Dec,2022,ANN,,,,,,,,,,,419,Dominican Republic,0.1%,21,30,,,,,,
Ranking based on prior 4 annual market year* totals ,Fresh or chilled ,ANN: Jan-Dec,2022,Jun YTD,,,,,,,,,,,34,Dominican Republic,0.1%,21,,,,,,,
Ranking based on prior 4 annual market year* totals ,Fresh or chilled ,ANN: Jan-Dec,2023,Jun YTD,,,,,,,,,,,90,Dominican Republic,0.1%,21,,,,,,,
Ranking based on prior 4 annual market year* totals ,Fresh or chilled ,ANN: Jan-Dec,2019,ANN,,,,,,,,,,,421,Turks and Caicos Islands,0.0%,20,,,,,,,
Ranking based on prior 4 annual market year* totals ,Fresh or chilled ,ANN: Jan-Dec,2020,ANN,,,,,,,,,,,602,Turks and Caicos Islands,0.0%,20,,,,,,,
Ranking based on prior 4 annual market year* totals ,Fresh or chilled ,ANN: Jan-Dec,2021,ANN,,,,,,,,,,,293,Turks and Caicos Islands,0.0%,20,11,,,,,,
Ranking based on prior 4 annual market year* totals ,Fresh or chilled ,ANN: Jan-Dec,2022,ANN,,,,,,,,,,,419,Turks and Caicos Islands,0.0%,20,67,,,,,,
Ranking based on prior 4 annual market year* totals ,Fresh or chilled ,ANN: Jan-Dec,2022,Jun YTD,,,,,,,,,,,34,Turks and Caicos Islands,0.0%,20,14,,,,,,
Ranking based on prior 4 annual market year* totals ,Fresh or chilled ,ANN: Jan-Dec,2023,Jun YTD,,,,,,,,,,,90,Turks and Caicos Islands,0.0%,20,7,,,,,,
Ranking based on prior 4 annual market year* totals ,Fresh or chilled ,ANN: Jan-Dec,2019,ANN,,,,,,,,,,,421,Curacao,0.0%,18,,,,,,,
Ranking based on prior 4 annual market year* totals ,Fresh or chilled ,ANN: Jan-Dec,2020,ANN,,,,,,,,,,,602,Curacao,0.0%,18,45,,,,,,
Ranking based on prior 4 annual market year* totals ,Fresh or chilled ,ANN: Jan-Dec,2021,ANN,,,,,,,,,,,293,Curacao,0.0%,18,5,,,,,,
Ranking based on prior 4 annual market year* totals ,Fresh or chilled ,ANN: Jan-Dec,2022,ANN,,,,,,,,,,,419,Curacao,0.0%,18,23,,,,,,
Ranking based on prior 4 annual market year* totals ,Fresh or chilled ,ANN: Jan-Dec,2022,Jun YTD,,,,,,,,,,,34,Curacao,0.0%,18,5,,,,,,
Ranking based on prior 4 annual market year* totals ,Fresh or chilled ,ANN: Jan-Dec,2023,Jun YTD,,,,,,,,,,,90,Curacao,0.0%,18,4,,,,,,
Ranking based on prior 4 annual market year* totals ,Fresh or chilled ,ANN: Jan-Dec,2019,ANN,,,,,,,,,,,421,Singapore,0.0%,15,28,,,,,,
Ranking based on prior 4 annual market year* totals ,Fresh or chilled ,ANN: Jan-Dec,2020,ANN,,,,,,,,,,,602,Singapore,0.0%,15,27,,,,,,
Ranking based on prior 4 annual market year* totals ,Fresh or chilled ,ANN: Jan-Dec,2021,ANN,,,,,,,,,,,293,Singapore,0.0%,15,10,,,,,,
Ranking based on prior 4 annual market year* totals ,Fresh or chilled ,ANN: Jan-Dec,2022,ANN,,,,,,,,,,,419,Singapore,0.0%,15,10,,,,,,
Ranking based on prior 4 annual market year* totals ,Fresh or chilled ,ANN: Jan-Dec,2022,Jun YTD,,,,,,,,,,,34,Singapore,0.0%,15,,,,,,,
Ranking based on prior 4 annual market year* totals ,Fresh or chilled ,ANN: Jan-Dec,2023,Jun YTD,,,,,,,,,,,90,Singapore,0.0%,15,,,,,,,
Ranking based on prior 4 annual market year* totals ,Fresh or chilled ,ANN: Jan-Dec,2019,ANN,,,,,,,,,,,421,Bahamas,0.0%,14,,,,,,,
Ranking based on prior 4 annual market year* totals ,Fresh or chilled ,ANN: Jan-Dec,2020,ANN,,,,,,,,,,,602,Bahamas,0.0%,14,9,,,,,,
Ranking based on prior 4 annual market year* totals ,Fresh or chilled ,ANN: Jan-Dec,2021,ANN,,,,,,,,,,,293,Bahamas,0.0%,14,17,,,,,,
Ranking based on prior 4 annual market year* totals ,Fresh or chilled ,ANN: Jan-Dec,2022,ANN,,,,,,,,,,,419,Bahamas,0.0%,14,29,,,,,,
Ranking based on prior 4 annual market year* totals ,Fresh or chilled ,ANN: Jan-Dec,2022,Jun YTD,,,,,,,,,,,34,Bahamas,0.0%,14,4,,,,,,
Ranking based on prior 4 annual market year* totals ,Fresh or chilled ,ANN: Jan-Dec,2023,Jun YTD,,,,,,,,,,,90,Bahamas,0.0%,14,7,,,,,,
Ranking based on prior 4 annual market year* totals ,Fresh or chilled ,ANN: Jan-Dec,2019,ANN,,,,,,,,,,,421,El Salvador,0.0%,11,8,,,,,,
Ranking based on prior 4 annual market year* totals ,Fresh or chilled ,ANN: Jan-Dec,2020,ANN,,,,,,,,,,,602,El Salvador,0.0%,11,,,,,,,
Ranking based on prior 4 annual market year* totals ,Fresh or chilled ,ANN: Jan-Dec,2021,ANN,,,,,,,,,,,293,El Salvador,0.0%,11,47,,,,,,
Ranking based on prior 4 annual market year* totals ,Fresh or chilled ,ANN: Jan-Dec,2022,ANN,,,,,,,,,,,419,El Salvador,0.0%,11,,,,,,,
Ranking based on prior 4 annual market year* totals ,Fresh or chilled ,ANN: Jan-Dec,2022,Jun YTD,,,,,,,,,,,34,El Salvador,0.0%,11,,,,,,,
Ranking based on prior 4 annual market year* totals ,Fresh or chilled ,ANN: Jan-Dec,2023,Jun YTD,,,,,,,,,,,90,El Salvador,0.0%,11,,,,,,,
Ranking based on prior 4 annual market year* totals ,Fresh or chilled ,ANN: Jan-Dec,2019,ANN,,,,,,,,,,,421,Iceland,0.0%,11,26,,,,,,
Ranking based on prior 4 annual market year* totals ,Fresh or chilled ,ANN: Jan-Dec,2020,ANN,,,,,,,,,,,602,Iceland,0.0%,11,28,,,,,,
Ranking based on prior 4 annual market year* totals ,Fresh or chilled ,ANN: Jan-Dec,2021,ANN,,,,,,,,,,,293,Iceland,0.0%,11,,,,,,,
Ranking based on prior 4 annual market year* totals ,Fresh or chilled ,ANN: Jan-Dec,2022,ANN,,,,,,,,,,,419,Iceland,0.0%,11,,,,,,,
Ranking based on prior 4 annual market year* totals ,Fresh or chilled ,ANN: Jan-Dec,2022,Jun YTD,,,,,,,,,,,34,Iceland,0.0%,11,,,,,,,
Ranking based on prior 4 annual market year* totals ,Fresh or chilled ,ANN: Jan-Dec,2023,Jun YTD,,,,,,,,,,,90,Iceland,0.0%,11,,,,,,,
Ranking based on prior 4 annual market year* totals ,Fresh or chilled ,ANN: Jan-Dec,2019,ANN,,,,,,,,,,,421,Federal Republic of Germany,0.0%,10,14,,,,,,
Ranking based on prior 4 annual market year* totals ,Fresh or chilled ,ANN: Jan-Dec,2020,ANN,,,,,,,,,,,602,Federal Republic of Germany,0.0%,10,35,,,,,,
Ranking based on prior 4 annual market year* totals ,Fresh or chilled ,ANN: Jan-Dec,2021,ANN,,,,,,,,,,,293,Federal Republic of Germany,0.0%,10,,,,,,,
Ranking based on prior 4 annual market year* totals ,Fresh or chilled ,ANN: Jan-Dec,2022,ANN,,,,,,,,,,,419,Federal Republic of Germany,0.0%,10,,,,,,,
Ranking based on prior 4 annual market year* totals ,Fresh or chilled ,ANN: Jan-Dec,2022,Jun YTD,,,,,,,,,,,34,Federal Republic of Germany,0.0%,10,,,,,,,
Ranking based on prior 4 annual market year* totals ,Fresh or chilled ,ANN: Jan-Dec,2023,Jun YTD,,,,,,,,,,,90,Federal Republic of Germany,0.0%,10,,,,,,,
Ranking based on prior 4 annual market year* totals ,Fresh or chilled ,ANN: Jan-Dec,2019,ANN,,,,,,,,,,,421,Italy,0.0%,9,,,,,,,
Ranking based on prior 4 annual market year* totals ,Fresh or chilled ,ANN: Jan-Dec,2020,ANN,,,,,,,,,,,602,Italy,0.0%,9,47,,,,,,
Ranking based on prior 4 annual market year* totals ,Fresh or chilled ,ANN: Jan-Dec,2021,ANN,,,,,,,,,,,293,Italy,0.0%,9,,,,,,,
Ranking based on prior 4 annual market year* totals ,Fresh or chilled ,ANN: Jan-Dec,2022,ANN,,,,,,,,,,,419,Italy,0.0%,9,,,,,,,
Ranking based on prior 4 annual market year* totals ,Fresh or chilled ,ANN: Jan-Dec,2022,Jun YTD,,,,,,,,,,,34,Italy,0.0%,9,,,,,,,
Ranking based on prior 4 annual market year* totals ,Fresh or chilled ,ANN: Jan-Dec,2023,Jun YTD,,,,,,,,,,,90,Italy,0.0%,9,,,,,,,
Ranking based on prior 4 annual market year* totals ,Fresh or chilled ,ANN: Jan-Dec,2019,ANN,,,,,,,,,,,421,India,0.0%,9,44,,,,,,
Ranking based on prior 4 annual market year* totals ,Fresh or chilled ,ANN: Jan-Dec,2020,ANN,,,,,,,,,,,602,India,0.0%,9,,,,,,,
Ranking based on prior 4 annual market year* totals ,Fresh or chilled ,ANN: Jan-Dec,2021,ANN,,,,,,,,,,,293,India,0.0%,9,,,,,,,
Ranking based on prior 4 annual market year* totals ,Fresh or chilled ,ANN: Jan-Dec,2022,ANN,,,,,,,,,,,419,India,0.0%,9,,,,,,,
Ranking based on prior 4 annual market year* totals ,Fresh or chilled ,ANN: Jan-Dec,2022,Jun YTD,,,,,,,,,,,34,India,0.0%,9,,,,,,,
Ranking based on prior 4 annual market year* totals ,Fresh or chilled ,ANN: Jan-Dec,2023,Jun YTD,,,,,,,,,,,90,India,0.0%,9,,,,,,,
Ranking based on prior 4 annual market year* totals ,Fresh or chilled ,ANN: Jan-Dec,2019,ANN,,,,,,,,,,,421,New Zealand,0.0%,8,,,,,,,
Ranking based on prior 4 annual market year* totals ,Fresh or chilled ,ANN: Jan-Dec,2020,ANN,,,,,,,,,,,602,New Zealand,0.0%,8,,,,,,,
Ranking based on prior 4 annual market year* totals ,Fresh or chilled ,ANN: Jan-Dec,2021,ANN,,,,,,,,,,,293,New Zealand,0.0%,8,,,,,,,
Ranking based on prior 4 annual market year* totals ,Fresh or chilled ,ANN: Jan-Dec,2022,ANN,,,,,,,,,,,419,New Zealand,0.0%,8,40,,,,,,
Ranking based on prior 4 annual market year* totals ,Fresh or chilled ,ANN: Jan-Dec,2022,Jun YTD,,,,,,,,,,,34,New Zealand,0.0%,8,,,,,,,
Ranking based on prior 4 annual market year* totals ,Fresh or chilled ,ANN: Jan-Dec,2023,Jun YTD,,,,,,,,,,,90,New Zealand,0.0%,8,,,,,,,
Ranking based on prior 4 annual market year* totals ,Fresh or chilled ,ANN: Jan-Dec,2019,ANN,,,,,,,,,,,421,Costa Rica,0.0%,8,15,,,,,,
Ranking based on prior 4 annual market year* totals ,Fresh or chilled ,ANN: Jan-Dec,2020,ANN,,,,,,,,,,,602,Costa Rica,0.0%,8,,,,,,,
Ranking based on prior 4 annual market year* totals ,Fresh or chilled ,ANN: Jan-Dec,2021,ANN,,,,,,,,,,,293,Costa Rica,0.0%,8,,,,,,,
Ranking based on prior 4 annual market year* totals ,Fresh or chilled ,ANN: Jan-Dec,2022,ANN,,,,,,,,,,,419,Costa Rica,0.0%,8,24,,,,,,
Ranking based on prior 4 annual market year* totals ,Fresh or chilled ,ANN: Jan-Dec,2022,Jun YTD,,,,,,,,,,,34,Costa Rica,0.0%,8,,,,,,,
Ranking based on prior 4 annual market year* totals ,Fresh or chilled ,ANN: Jan-Dec,2023,Jun YTD,,,,,,,,,,,90,Costa Rica,0.0%,8,,,,,,,
Ranking based on prior 4 annual market year* totals ,Fresh or chilled ,ANN: Jan-Dec,2019,ANN,,,,,,,,,,,421,Australia,0.0%,8,,,,,,,
Ranking based on prior 4 annual market year* totals ,Fresh or chilled ,ANN: Jan-Dec,2020,ANN,,,,,,,,,,,602,Australia,0.0%,8,28,,,,,,
Ranking based on prior 4 annual market year* totals ,Fresh or chilled ,ANN: Jan-Dec,2021,ANN,,,,,,,,,,,293,Australia,0.0%,8,0,,,,,,
Ranking based on prior 4 annual market year* totals ,Fresh or chilled ,ANN: Jan-Dec,2022,ANN,,,,,,,,,,,419,Australia,0.0%,8,4,,,,,,
Ranking based on prior 4 annual market year* totals ,Fresh or chilled ,ANN: Jan-Dec,2022,Jun YTD,,,,,,,,,,,34,Australia,0.0%,8,4,,,,,,
Ranking based on prior 4 annual market year* totals ,Fresh or chilled ,ANN: Jan-Dec,2023,Jun YTD,,,,,,,,,,,90,Australia,0.0%,8,,,,,,,
Ranking based on prior 4 annual market year* totals ,Fresh or chilled ,ANN: Jan-Dec,2019,ANN,,,,,,,,,,,421,China,0.0%,6,32,,,,,,
Ranking based on prior 4 annual market year* totals ,Fresh or chilled ,ANN: Jan-Dec,2020,ANN,,,,,,,,,,,602,China,0.0%,6,,,,,,,
Ranking based on prior 4 annual market year* totals ,Fresh or chilled ,ANN: Jan-Dec,2021,ANN,,,,,,,,,,,293,China,0.0%,6,,,,,,,
Ranking based on prior 4 annual market year* totals ,Fresh or chilled ,ANN: Jan-Dec,2022,ANN,,,,,,,,,,,419,China,0.0%,6,,,,,,,
Ranking based on prior 4 annual market year* totals ,Fresh or chilled ,ANN: Jan-Dec,2022,Jun YTD,,,,,,,,,,,34,China,0.0%,6,,,,,,,
Ranking based on prior 4 annual market year* totals ,Fresh or chilled ,ANN: Jan-Dec,2023,Jun YTD,,,,,,,,,,,90,China,0.0%,6,,,,,,,
Ranking based on prior 4 annual market year* totals ,Fresh or chilled ,ANN: Jan-Dec,2019,ANN,,,,,,,,,,,421,United Arab Emirates,0.0%,7,6,,,,,,
Ranking based on prior 4 annual market year* totals ,Fresh or chilled ,ANN: Jan-Dec,2020,ANN,,,,,,,,,,,602,United Arab Emirates,0.0%,7,10,,,,,,
Ranking based on prior 4 annual market year* totals ,Fresh or chilled ,ANN: Jan-Dec,2021,ANN,,,,,,,,,,,293,United Arab Emirates,0.0%,7,12,,,,,,
Ranking based on prior 4 annual market year* totals ,Fresh or chilled ,ANN: Jan-Dec,2022,ANN,,,,,,,,,,,419,United Arab Emirates,0.0%,7,1,,,,,,
Ranking based on prior 4 annual market year* totals ,Fresh or chilled ,ANN: Jan-Dec,2022,Jun YTD,,,,,,,,,,,34,United Arab Emirates,0.0%,7,1,,,,,,
Ranking based on prior 4 annual market year* totals ,Fresh or chilled ,ANN: Jan-Dec,2023,Jun YTD,,,,,,,,,,,90,United Arab Emirates,0.0%,7,,,,,,,
Ranking based on prior 4 annual market year* totals ,Fresh or chilled ,ANN: Jan-Dec,2019,ANN,,,,,,,,,,,421,Cayman Islands,0.0%,6,,,,,,,
Ranking based on prior 4 annual market year* totals ,Fresh or chilled ,ANN: Jan-Dec,2020,ANN,,,,,,,,,,,602,Cayman Islands,0.0%,6,10,,,,,,
Ranking based on prior 4 annual market year* totals ,Fresh or chilled ,ANN: Jan-Dec,2021,ANN,,,,,,,,,,,293,Cayman Islands,0.0%,6,7,,,,,,
Ranking based on prior 4 annual market year* totals ,Fresh or chilled ,ANN: Jan-Dec,2022,ANN,,,,,,,,,,,419,Cayman Islands,0.0%,6,5,,,,,,
Ranking based on prior 4 annual market year* totals ,Fresh or chilled ,ANN: Jan-Dec,2022,Jun YTD,,,,,,,,,,,34,Cayman Islands,0.0%,6,1,,,,,,
Ranking based on prior 4 annual market year* totals ,Fresh or chilled ,ANN: Jan-Dec,2023,Jun YTD,,,,,,,,,,,90,Cayman Islands,0.0%,6,,,,,,,
Ranking based on prior 4 annual market year* totals ,Fresh or chilled ,ANN: Jan-Dec,2019,ANN,,,,,,,,,,,421,France,0.0%,4,,,,,,,
Ranking based on prior 4 annual market year* totals ,Fresh or chilled ,ANN: Jan-Dec,2020,ANN,,,,,,,,,,,602,France,0.0%,4,20,,,,,,
Ranking based on prior 4 annual market year* totals ,Fresh or chilled ,ANN: Jan-Dec,2021,ANN,,,,,,,,,,,293,France,0.0%,4,,,,,,,
Ranking based on prior 4 annual market year* totals ,Fresh or chilled ,ANN: Jan-Dec,2022,ANN,,,,,,,,,,,419,France,0.0%,4,,,,,,,
Ranking based on prior 4 annual market year* totals ,Fresh or chilled ,ANN: Jan-Dec,2022,Jun YTD,,,,,,,,,,,34,France,0.0%,4,,,,,,,
Ranking based on prior 4 annual market year* totals ,Fresh or chilled ,ANN: Jan-Dec,2023,Jun YTD,,,,,,,,,,,90,France,0.0%,4,,,,,,,
Ranking based on prior 4 annual market year* totals ,Fresh or chilled ,ANN: Jan-Dec,2019,ANN,,,,,,,,,,,421,Bermuda,0.0%,4,19,,,,,,
Ranking based on prior 4 annual market year* totals ,Fresh or chilled ,ANN: Jan-Dec,2020,ANN,,,,,,,,,,,602,Bermuda,0.0%,4,,,,,,,
Ranking based on prior 4 annual market year* totals ,Fresh or chilled ,ANN: Jan-Dec,2021,ANN,,,,,,,,,,,293,Bermuda,0.0%,4,,,,,,,
Ranking based on prior 4 annual market year* totals ,Fresh or chilled ,ANN: Jan-Dec,2022,ANN,,,,,,,,,,,419,Bermuda,0.0%,4,,,,,,,
Ranking based on prior 4 annual market year* totals ,Fresh or chilled ,ANN: Jan-Dec,2022,Jun YTD,,,,,,,,,,,34,Bermuda,0.0%,4,,,,,,,
Ranking based on prior 4 annual market year* totals ,Fresh or chilled ,ANN: Jan-Dec,2023,Jun YTD,,,,,,,,,,,90,Bermuda,0.0%,4,,,,,,,
Ranking based on prior 4 annual market year* totals ,Fresh or chilled ,ANN: Jan-Dec,2019,ANN,,,,,,,,,,,421,French Southern and Antarctic Lands,0.0%,3,,,,,,,
Ranking based on prior 4 annual market year* totals ,Fresh or chilled ,ANN: Jan-Dec,2020,ANN,,,,,,,,,,,602,French Southern and Antarctic Lands,0.0%,3,,,,,,,
Ranking based on prior 4 annual market year* totals ,Fresh or chilled ,ANN: Jan-Dec,2021,ANN,,,,,,,,,,,293,French Southern and Antarctic Lands,0.0%,3,9,,,,,,
Ranking based on prior 4 annual market year* totals ,Fresh or chilled ,ANN: Jan-Dec,2022,ANN,,,,,,,,,,,419,French Southern and Antarctic Lands,0.0%,3,8,,,,,,
Ranking based on prior 4 annual market year* totals ,Fresh or chilled ,ANN: Jan-Dec,2022,Jun YTD,,,,,,,,,,,34,French Southern and Antarctic Lands,0.0%,3,,,,,,,
Ranking based on prior 4 annual market year* totals ,Fresh or chilled ,ANN: Jan-Dec,2023,Jun YTD,,,,,,,,,,,90,French Southern and Antarctic Lands,0.0%,3,,,,,,,
Ranking based on prior 4 annual market year* totals ,Fresh or chilled ,ANN: Jan-Dec,2019,ANN,,,,,,,,,,,421,Aruba,0.0%,4,,,,,,,
Ranking based on prior 4 annual market year* totals ,Fresh or chilled ,ANN: Jan-Dec,2020,ANN,,,,,,,,,,,602,Aruba,0.0%,4,,,,,,,
Ranking based on prior 4 annual market year* totals ,Fresh or chilled ,ANN: Jan-Dec,2021,ANN,,,,,,,,,,,293,Aruba,0.0%,4,4,,,,,,
Ranking based on prior 4 annual market year* totals ,Fresh or chilled ,ANN: Jan-Dec,2022,ANN,,,,,,,,,,,419,Aruba,0.0%,4,10,,,,,,
Ranking based on prior 4 annual market year* totals ,Fresh or chilled ,ANN: Jan-Dec,2022,Jun YTD,,,,,,,,,,,34,Aruba,0.0%,4,,,,,,,
Ranking based on prior 4 annual market year* totals ,Fresh or chilled ,ANN: Jan-Dec,2023,Jun YTD,,,,,,,,,,,90,Aruba,0.0%,4,2,,,,,,
Ranking based on prior 4 annual market year* totals ,Fresh or chilled ,ANN: Jan-Dec,2019,ANN,,,,,,,,,,,421,Brazil,0.0%,3,,,,,,,
Ranking based on prior 4 annual market year* totals ,Fresh or chilled ,ANN: Jan-Dec,2020,ANN,,,,,,,,,,,602,Brazil,0.0%,3,,,,,,,
Ranking based on prior 4 annual market year* totals ,Fresh or chilled ,ANN: Jan-Dec,2021,ANN,,,,,,,,,,,293,Brazil,0.0%,3,15,,,,,,
Ranking based on prior 4 annual market year* totals ,Fresh or chilled ,ANN: Jan-Dec,2022,ANN,,,,,,,,,,,419,Brazil,0.0%,3,,,,,,,
Ranking based on prior 4 annual market year* totals ,Fresh or chilled ,ANN: Jan-Dec,2022,Jun YTD,,,,,,,,,,,34,Brazil,0.0%,3,,,,,,,
Ranking based on prior 4 annual market year* totals ,Fresh or chilled ,ANN: Jan-Dec,2023,Jun YTD,,,,,,,,,,,90,Brazil,0.0%,3,,,,,,,
Ranking based on prior 4 annual market year* totals ,Fresh or chilled ,ANN: Jan-Dec,2019,ANN,,,,,,,,,,,421,Barbados,0.0%,3,4,,,,,,
Ranking based on prior 4 annual market year* totals ,Fresh or chilled ,ANN: Jan-Dec,2020,ANN,,,,,,,,,,,602,Barbados,0.0%,3,9,,,,,,
Ranking based on prior 4 annual market year* totals ,Fresh or chilled ,ANN: Jan-Dec,2021,ANN,,,,,,,,,,,293,Barbados,0.0%,3,,,,,,,
Ranking based on prior 4 annual market year* totals ,Fresh or chilled ,ANN: Jan-Dec,2022,ANN,,,,,,,,,,,419,Barbados,0.0%,3,,,,,,,
Ranking based on prior 4 annual market year* totals ,Fresh or chilled ,ANN: Jan-Dec,2022,Jun YTD,,,,,,,,,,,34,Barbados,0.0%,3,,,,,,,
Ranking based on prior 4 annual market year* totals ,Fresh or chilled ,ANN: Jan-Dec,2023,Jun YTD,,,,,,,,,,,90,Barbados,0.0%,3,,,,,,,
Ranking based on prior 4 annual market year* totals ,Fresh or chilled ,ANN: Jan-Dec,2019,ANN,,,,,,,,,,,421,Sint Maarten,0.0%,1,,,,,,,
Ranking based on prior 4 annual market year* totals ,Fresh or chilled ,ANN: Jan-Dec,2020,ANN,,,,,,,,,,,602,Sint Maarten,0.0%,1,,,,,,,
Ranking based on prior 4 annual market year* totals ,Fresh or chilled ,ANN: Jan-Dec,2021,ANN,,,,,,,,,,,293,Sint Maarten,0.0%,1,,,,,,,
Ranking based on prior 4 annual market year* totals ,Fresh or chilled ,ANN: Jan-Dec,2022,ANN,,,,,,,,,,,419,Sint Maarten,0.0%,1,5,,,,,,
Ranking based on prior 4 annual market year* totals ,Fresh or chilled ,ANN: Jan-Dec,2022,Jun YTD,,,,,,,,,,,34,Sint Maarten,0.0%,1,5,,,,,,
Ranking based on prior 4 annual market year* totals ,Fresh or chilled ,ANN: Jan-Dec,2023,Jun YTD,,,,,,,,,,,90,Sint Maarten,0.0%,1,,,,,,,
Ranking based on prior 4 annual market year* totals ,Fresh or chilled ,ANN: Jan-Dec,2019,ANN,,,,,,,,,,,421,Kuwait,0.0%,0,,,,,,,
Ranking based on prior 4 annual market year* totals ,Fresh or chilled ,ANN: Jan-Dec,2020,ANN,,,,,,,,,,,602,Kuwait,0.0%,0,,,,,,,
Ranking based on prior 4 annual market year* totals ,Fresh or chilled ,ANN: Jan-Dec,2021,ANN,,,,,,,,,,,293,Kuwait,0.0%,0,2,,,,,,
Ranking based on prior 4 annual market year* totals ,Fresh or chilled ,ANN: Jan-Dec,2022,ANN,,,,,,,,,,,419,Kuwait,0.0%,0,,,,,,,
Ranking based on prior 4 annual market year* totals ,Fresh or chilled ,ANN: Jan-Dec,2022,Jun YTD,,,,,,,,,,,34,Kuwait,0.0%,0,,,,,,,
Ranking based on prior 4 annual market year* totals ,Fresh or chilled ,ANN: Jan-Dec,2023,Jun YTD,,,,,,,,,,,90,Kuwait,0.0%,0,,,,,,,
Ranking based on prior 4 annual market year* totals ,Fresh or chilled ,ANN: Jan-Dec,2019,ANN,,,,,,,,,,,421,Belgium,0.0%,0,,,,,,,
Ranking based on prior 4 annual market year* totals ,Fresh or chilled ,ANN: Jan-Dec,2020,ANN,,,,,,,,,,,602,Belgium,0.0%,0,,,,,,,
Ranking based on prior 4 annual market year* totals ,Fresh or chilled ,ANN: Jan-Dec,2021,ANN,,,,,,,,,,,293,Belgium,0.0%,0,,,,,,,
Ranking based on prior 4 annual market year* totals ,Fresh or chilled ,ANN: Jan-Dec,2022,ANN,,,,,,,,,,,419,Belgium,0.0%,0,,,,,,,
Ranking based on prior 4 annual market year* totals ,Fresh or chilled ,ANN: Jan-Dec,2022,Jun YTD,,,,,,,,,,,34,Belgium,0.0%,0,,,,,,,
Ranking based on prior 4 annual market year* totals ,Fresh or chilled ,ANN: Jan-Dec,2023,Jun YTD,,,,,,,,,,,90,Belgium,0.0%,0,2,,,,,,
Ranking based on prior 4 annual market year* totals ,Fresh or chilled ,ANN: Jan-Dec,2019,ANN,,,,,,,,,,,421,Egypt,0.0%,0,,,,,,,
Ranking based on prior 4 annual market year* totals ,Fresh or chilled ,ANN: Jan-Dec,2020,ANN,,,,,,,,,,,602,Egypt,0.0%,0,2,,,,,,
Ranking based on prior 4 annual market year* totals ,Fresh or chilled ,ANN: Jan-Dec,2021,ANN,,,,,,,,,,,293,Egypt,0.0%,0,,,,,,,
Ranking based on prior 4 annual market year* totals ,Fresh or chilled ,ANN: Jan-Dec,2022,ANN,,,,,,,,,,,419,Egypt,0.0%,0,,,,,,,
Ranking based on prior 4 annual market year* totals ,Fresh or chilled ,ANN: Jan-Dec,2022,Jun YTD,,,,,,,,,,,34,Egypt,0.0%,0,,,,,,,
Ranking based on prior 4 annual market year* totals ,Fresh or chilled ,ANN: Jan-Dec,2023,Jun YTD,,,,,,,,,,,90,Egypt,0.0%,0,,,,,,,
Ranking based on prior 4 annual market year* totals ,Fresh or chilled ,ANN: Jan-Dec,2019,ANN,,,,,,,,,,,421,British Virgin Islands,0.0%,0,,,,,,,
Ranking based on prior 4 annual market year* totals ,Fresh or chilled ,ANN: Jan-Dec,2020,ANN,,,,,,,,,,,602,British Virgin Islands,0.0%,0,,,,,,,
Ranking based on prior 4 annual market year* totals ,Fresh or chilled ,ANN: Jan-Dec,2021,ANN,,,,,,,,,,,293,British Virgin Islands,0.0%,0,,,,,,,
Ranking based on prior 4 annual market year* totals ,Fresh or chilled ,ANN: Jan-Dec,2022,ANN,,,,,,,,,,,419,British Virgin Islands,0.0%,0,2,,,,,,
Ranking based on prior 4 annual market year* totals ,Fresh or chilled ,ANN: Jan-Dec,2022,Jun YTD,,,,,,,,,,,34,British Virgin Islands,0.0%,0,,,,,,,
Ranking based on prior 4 annual market year* totals ,Fresh or chilled ,ANN: Jan-Dec,2023,Jun YTD,,,,,,,,,,,90,British Virgin Islands,0.0%,0,,,,,,,
Ranking based on prior 4 annual market year* totals ,Fresh or chilled ,ANN: Jan-Dec,2019,ANN,,,,,,,,,,,421,Netherlands,0.0%,0,,,,,,,
Ranking based on prior 4 annual market year* totals ,Fresh or chilled ,ANN: Jan-Dec,2020,ANN,,,,,,,,,,,602,Netherlands,0.0%,0,1,,,,,,
Ranking based on prior 4 annual market year* totals ,Fresh or chilled ,ANN: Jan-Dec,2021,ANN,,,,,,,,,,,293,Netherlands,0.0%,0,,,,,,,
Ranking based on prior 4 annual market year* totals ,Fresh or chilled ,ANN: Jan-Dec,2022,ANN,,,,,,,,,,,419,Netherlands,0.0%,0,,,,,,,
Ranking based on prior 4 annual market year* totals ,Fresh or chilled ,ANN: Jan-Dec,2022,Jun YTD,,,,,,,,,,,34,Netherlands,0.0%,0,,,,,,,
Ranking based on prior 4 annual market year* totals ,Fresh or chilled ,ANN: Jan-Dec,2023,Jun YTD,,,,,,,,,,,90,Netherlands,0.0%,0,,,,,,,
Ranking based on prior 4 annual market year* totals ,Fresh or chilled ,ANN: Jan-Dec,2019,ANN,,,,,,,,,,,421,Malaysia,0.0%,0,1,,,,,,
Ranking based on prior 4 annual market year* totals ,Fresh or chilled ,ANN: Jan-Dec,2020,ANN,,,,,,,,,,,602,Malaysia,0.0%,0,,,,,,,
Ranking based on prior 4 annual market year* totals ,Fresh or chilled ,ANN: Jan-Dec,2021,ANN,,,,,,,,,,,293,Malaysia,0.0%,0,,,,,,,
Ranking based on prior 4 annual market year* totals ,Fresh or chilled ,ANN: Jan-Dec,2022,ANN,,,,,,,,,,,419,Malaysia,0.0%,0,,,,,,,
Ranking based on prior 4 annual market year* totals ,Fresh or chilled ,ANN: Jan-Dec,2022,Jun YTD,,,,,,,,,,,34,Malaysia,0.0%,0,,,,,,,
Ranking based on prior 4 annual market year* totals ,Fresh or chilled ,ANN: Jan-Dec,2023,Jun YTD,,,,,,,,,,,90,Malaysia,0.0%,0,,,,,,,
Ranking based on prior 4 annual market year* totals ,Fresh or chilled ,ANN: Jan-Dec,2019,ANN,,,,,,,,,,,421,Saudi Arabia,0.0%,0,,,,,,,
Ranking based on prior 4 annual market year* totals ,Fresh or chilled ,ANN: Jan-Dec,2020,ANN,,,,,,,,,,,602,Saudi Arabia,0.0%,0,,,,,,,
Ranking based on prior 4 annual market year* totals ,Fresh or chilled ,ANN: Jan-Dec,2021,ANN,,,,,,,,,,,293,Saudi Arabia,0.0%,0,0,,,,,,
Ranking based on prior 4 annual market year* totals ,Fresh or chilled ,ANN: Jan-Dec,2022,ANN,,,,,,,,,,,419,Saudi Arabia,0.0%,0,0,,,,,,
Ranking based on prior 4 annual market year* totals ,Fresh or chilled ,ANN: Jan-Dec,2022,Jun YTD,,,,,,,,,,,34,Saudi Arabia,0.0%,0,,,,,,,
Ranking based on prior 4 annual market year* totals ,Fresh or chilled ,ANN: Jan-Dec,2023,Jun YTD,,,,,,,,,,,90,Saudi Arabia,0.0%,0,,,,,,,
Ranking based on prior 4 annual market year* totals ,Fresh or chilled ,ANN: Jan-Dec,2019,ANN,,,,,,,,,,,421,St Vincent and the Grenadines,0.0%,0,,,,,,,
Ranking based on prior 4 annual market year* totals ,Fresh or chilled ,ANN: Jan-Dec,2020,ANN,,,,,,,,,,,602,St Vincent and the Grenadines,0.0%,0,,,,,,,
Ranking based on prior 4 annual market year* totals ,Fresh or chilled ,ANN: Jan-Dec,2021,ANN,,,,,,,,,,,293,St Vincent and the Grenadines,0.0%,0,,,,,,,
Ranking based on prior 4 annual market year* totals ,Fresh or chilled ,ANN: Jan-Dec,2022,ANN,,,,,,,,,,,419,St Vincent and the Grenadines,0.0%,0,0,,,,,,
Ranking based on prior 4 annual market year* totals ,Fresh or chilled ,ANN: Jan-Dec,2022,Jun YTD,,,,,,,,,,,34,St Vincent and the Grenadines,0.0%,0,,,,,,,
Ranking based on prior 4 annual market year* totals ,Fresh or chilled ,ANN: Jan-Dec,2023,Jun YTD,,,,,,,,,,,90,St Vincent and the Grenadines,0.0%,0,,,,,,,
Ranking based on prior 4 annual market year* totals ,,,,,,,,,,,,,,,,,,,,Fresh or chilled total,"46,032",seg Num,19,22,
Ranking based on prior 4 annual market year* totals ,,,,,,,,,,,,,,,,,,,,Fresh or chilled total,"46,032",seg Num,20,22,
Ranking based on prior 4 annual market year* totals ,,,,,,,,,,,,,,,,,,,,Fresh or chilled total,"46,032",seg Num,21,24,
Ranking based on prior 4 annual market year* totals ,,,,,,,,,,,,,,,,,,,,Fresh or chilled total,"46,032",seg Num,22,22,

